,year,selling_price,km_driven,fuel,seller_type,transmission,owner,mileage,engine,max_power,seats
0,2010,229999,168000,Diesel,Individual,Manual,First Owner,14.0,2498,112.0,7
1,2017,665000,25000,Diesel,Individual,Manual,First Owner,21.5,1497,108.5,5
2,2007,175000,218463,Petrol,Individual,Automatic,First Owner,12.9,1799,130.0,5
3,2015,635000,173000,Diesel,Individual,Manual,First Owner,25.1,1498,98.6,5
4,2011,130000,70000,Petrol,Individual,Manual,Second Owner,16.5,1172,65.0,5
5,2019,975000,12584,Diesel,Dealer,Manual,First Owner,16.55,2498,105.0,6
6,2011,150000,35000,Petrol,Individual,Manual,First Owner,18.0,995,62.0,5
7,2012,275000,70000,Petrol,Individual,Manual,Second Owner,18.5,1197,85.8,5
8,2011,140000,72000,Petrol,Individual,Manual,Second Owner,19.7,796,46.3,5
9,2016,850000,58000,Diesel,Individual,Manual,First Owner,19.67,1582,126.2,5
10,2018,1150000,49000,Diesel,Individual,Automatic,First Owner,22.0,1582,126.2,5
11,2019,5150000,20000,Petrol,Dealer,Automatic,First Owner,22.37,2487,214.56,5
12,2017,600000,24500,Diesel,Dealer,Manual,First Owner,25.8,1498,98.6,5
13,2009,142000,110000,Petrol,Individual,Manual,First Owner,20.36,1197,78.9,5
14,2019,530000,9500,Petrol,Individual,Manual,First Owner,18.16,1196,86.8,5
15,2017,4100000,17000,Petrol,Individual,Automatic,First Owner,9.5,3604,280.0,5
16,2014,560000,25000,Petrol,Individual,Manual,First Owner,16.02,1373,93.7,7
17,2012,140000,185000,Diesel,Individual,Manual,Second Owner,19.4,1405,70.0,5
18,2014,440000,62200,Petrol,Dealer,Manual,First Owner,17.0,1197,80.0,5
19,2011,250000,35000,Petrol,Individual,Manual,First Owner,16.36,1495,93.7,5
20,2011,300000,70000,Diesel,Individual,Manual,Second Owner,22.9,1248,74.0,5
21,2010,100000,180000,Petrol,Individual,Manual,Second Owner,19.0,998,67.1,5
22,2015,750000,74000,Diesel,Individual,Manual,First Owner,19.67,1582,126.2,5
23,2015,250000,20000,Petrol,Individual,Automatic,First Owner,21.9,624,37.48,4
24,2017,754000,40000,Diesel,Individual,Manual,First Owner,28.4,1248,74.02,5
25,2015,415000,100581,Diesel,Dealer,Manual,First Owner,25.83,1498,99.0,5
26,2017,860000,40000,Diesel,Individual,Manual,Second Owner,22.0,1582,126.2,5
27,2015,919999,140000,Diesel,Individual,Manual,First Owner,16.0,2179,140.0,7
28,2014,425000,60000,Diesel,Individual,Manual,First Owner,24.0,1120,70.0,5
29,2016,540000,80000,Diesel,Individual,Manual,Third Owner,21.19,1396,88.73,5
30,2019,1460000,5000,Diesel,Individual,Manual,First Owner,17.3,1497,121.0,7
31,2017,850000,50000,Diesel,Individual,Automatic,First Owner,19.6,1461,108.45,5
32,2012,650000,138000,Diesel,Individual,Manual,Second Owner,12.8,2494,102.0,8
33,2013,250000,60000,Petrol,Individual,Manual,Second Owner,14.09,1596,99.6,5
34,2012,405000,150000,Diesel,Individual,Manual,First Owner,19.369999999999997,1248,81.86,5
35,2013,300000,120000,Petrol,Individual,Manual,Second Owner,18.0,1198,86.7,5
36,2019,466000,25000,Petrol,Individual,Automatic,Fourth & Above Owner,20.3,1086,68.0,5
37,2012,200000,90000,Diesel,Individual,Manual,First Owner,22.3,1248,74.0,5
38,2013,350000,37000,Petrol,Dealer,Manual,First Owner,13.7,1399,98.79,7
39,2016,645000,11000,Petrol,Dealer,Automatic,First Owner,14.3,1598,103.5,5
40,2012,250000,100000,Diesel,Individual,Manual,Third Owner,19.3,1248,73.9,5
41,2014,300000,45000,Diesel,Individual,Manual,First Owner,19.09,1405,69.01,5
42,2011,235000,60000,Petrol,Individual,Manual,Second Owner,20.36,1197,78.9,5
43,2014,375000,76000,Diesel,Individual,Manual,Third Owner,24.0,1120,70.0,5
44,2017,400000,110000,CNG,Individual,Manual,First Owner,26.6,998,58.16,5
45,2012,450000,135000,Diesel,Individual,Manual,First Owner,15.96,2523,62.1,7
46,2011,325000,160000,Diesel,Individual,Manual,Third Owner,20.86,1199,75.0,5
47,2010,210000,94000,Petrol,Individual,Manual,Second Owner,20.36,1197,78.9,5
48,2019,359000,5500,Petrol,Individual,Manual,First Owner,15.37,1196,73.0,7
49,2019,670000,5000,Petrol,Individual,Manual,First Owner,19.5,1199,88.76,5
50,2014,180000,62000,Petrol,Individual,Manual,First Owner,21.1,814,55.2,5
51,2010,254999,80000,Petrol,Individual,Manual,Fourth & Above Owner,17.0,1197,80.0,5
52,2019,700000,30000,Diesel,Individual,Manual,First Owner,28.4,1248,74.02,5
53,2014,560000,90000,Diesel,Individual,Manual,First Owner,20.77,1248,88.8,7
54,2012,300000,88000,Petrol,Individual,Manual,First Owner,17.5,1298,85.8,5
55,2018,275000,20000,Petrol,Individual,Manual,First Owner,23.01,999,67.0,5
56,2012,320000,40000,Petrol,Individual,Manual,First Owner,18.5,1197,85.8,5
57,2012,254999,190000,Diesel,Individual,Manual,Third Owner,19.369999999999997,1248,81.86,5
58,2012,300000,120000,Petrol,Individual,Manual,First Owner,18.5,1197,82.85,5
59,2011,110000,120000,Diesel,Individual,Manual,First Owner,19.4,1405,70.0,5
60,2017,625000,25538,Petrol,Trustmark Dealer,Manual,First Owner,16.78,1496,88.73,5
61,2019,5400000,7500,Diesel,Dealer,Automatic,First Owner,16.78,1995,190.0,5
62,2017,235000,25000,Petrol,Individual,Manual,First Owner,22.7,799,53.64,5
63,2013,375000,70000,Petrol,Individual,Manual,First Owner,18.5,1197,82.85,5
64,2015,625000,90000,Diesel,Individual,Manual,First Owner,21.19,1396,88.73,5
65,2018,946000,60000,Diesel,Individual,Manual,First Owner,22.1,1396,88.7,5
66,2008,200000,90000,Petrol,Individual,Manual,First Owner,19.369999999999997,1248,81.86,5
67,2014,570000,48000,Diesel,Individual,Manual,First Owner,21.7,1498,98.96,5
68,2015,600000,40000,Petrol,Individual,Manual,Second Owner,16.02,1373,93.7,7
69,2018,560000,20000,Petrol,Individual,Manual,First Owner,21.4,1197,83.1,5
70,2014,348000,23000,Petrol,Individual,Manual,Second Owner,20.36,1197,78.9,5
71,2002,35000,184000,Petrol,Individual,Manual,Second Owner,19.369999999999997,1248,81.86,5
72,2014,620000,110000,Diesel,Individual,Manual,First Owner,22.54,1396,88.73,5
73,2019,721000,9400,Petrol,Dealer,Manual,First Owner,18.6,1197,81.83,5
74,2006,170000,120000,Diesel,Individual,Manual,Second Owner,14.0,2523,83.0,7
75,2018,2475000,2000,Diesel,Dealer,Automatic,First Owner,16.8,1984,150.0,5
76,2013,190000,60000,Petrol,Individual,Manual,Second Owner,22.74,796,47.3,5
77,2016,550000,56494,Petrol,Trustmark Dealer,Manual,First Owner,18.2,1199,88.7,5
78,2016,350000,120000,Diesel,Individual,Manual,Second Owner,24.4,1120,71.0,5
79,2015,503000,110000,Diesel,Individual,Manual,First Owner,14.1,2179,147.94,7
80,2015,585000,50000,Diesel,Individual,Manual,First Owner,15.96,2523,62.1,7
81,2015,265000,48000,Petrol,Dealer,Manual,First Owner,24.7,796,47.3,5
82,2017,890000,18300,Petrol,Individual,Manual,First Owner,17.8,1497,117.3,5
83,2017,635000,120000,Petrol,Individual,Automatic,First Owner,21.21,1197,81.8,5
84,2016,900000,110000,Diesel,Individual,Manual,First Owner,19.67,1582,126.2,5
85,2017,620000,25000,Petrol,Individual,Manual,First Owner,18.6,1197,81.83,5
86,2014,550000,105000,Diesel,Dealer,Manual,First Owner,21.7,1498,98.96,5
87,2012,155000,98000,Diesel,Individual,Manual,First Owner,25.44,936,57.6,5
88,2018,670000,35000,Diesel,Individual,Manual,First Owner,22.71,1461,84.8,5
89,2018,3200000,60000,Diesel,Individual,Automatic,First Owner,15.04,2755,174.5,7
90,2007,100000,70000,Petrol,Individual,Manual,First Owner,19.7,796,46.3,5
91,2016,750000,80000,Diesel,Individual,Manual,First Owner,24.3,1248,88.5,5
92,2012,195000,163720,Diesel,Dealer,Manual,First Owner,18.5,1399,68.0,5
93,2017,600000,40000,Petrol,Individual,Manual,Second Owner,20.3,1199,84.0,5
94,2017,500000,62960,Diesel,Dealer,Manual,First Owner,25.83,1498,99.0,5
95,2019,625000,4337,Petrol,Dealer,Automatic,First Owner,18.9,1197,82.0,5
96,2015,450000,53000,Diesel,Individual,Manual,First Owner,24.0,1120,70.0,5
97,2015,1050000,80000,Diesel,Individual,Manual,Second Owner,15.4,2179,120.0,7
98,2015,2000000,120000,Diesel,Individual,Manual,First Owner,13.0,2494,142.0,7
99,2014,221000,65000,Diesel,Dealer,Manual,First Owner,19.09,1405,69.01,5
100,2013,180000,60000,Petrol,Individual,Manual,First Owner,21.1,814,55.2,5
101,2013,325000,100000,Diesel,Individual,Manual,First Owner,22.3,1248,88.8,5
102,2018,950000,75000,Diesel,Individual,Automatic,First Owner,21.5,1498,108.5,5
103,2016,2000000,68089,Petrol,Trustmark Dealer,Automatic,First Owner,19.16,2494,157.7,5
104,2004,60000,113000,Petrol,Individual,Manual,Second Owner,19.7,796,46.3,5
105,2014,400000,50000,Petrol,Individual,Manual,First Owner,20.4,1197,81.8,5
106,2017,699000,60000,Diesel,Individual,Manual,First Owner,28.4,1248,74.02,5
107,2014,425000,80000,Petrol,Individual,Manual,Third Owner,16.02,1373,93.7,7
108,2009,250000,125876,Petrol,Individual,Manual,Second Owner,15.0,1586,104.68,5
109,2019,675000,5000,Petrol,Individual,Automatic,First Owner,21.4,1197,83.1,5
110,2015,240000,110000,Diesel,Individual,Manual,Second Owner,19.1,1405,70.0,5
111,2013,451000,120000,Diesel,Individual,Manual,First Owner,23.59,1364,67.06,5
112,2017,750000,110000,Diesel,Individual,Manual,Second Owner,28.4,1248,74.02,5
113,2017,400000,140000,Diesel,Individual,Manual,First Owner,14.07,2956,69.01,7
114,2005,60000,90000,Petrol,Individual,Manual,Second Owner,17.3,993,60.0,5
115,2007,55000,70000,Petrol,Individual,Manual,Third Owner,15.9,1298,85.0,5
116,1995,55000,70000,Petrol,Individual,Manual,First Owner,16.1,796,37.0,4
117,2017,1000000,60000,Diesel,Individual,Automatic,Second Owner,17.01,1582,126.2,5
118,2006,210000,120000,Diesel,Individual,Manual,First Owner,19.369999999999997,1248,81.86,5
119,2013,409999,100000,Diesel,Individual,Manual,Second Owner,23.4,1248,74.0,5
120,2017,620000,100000,Diesel,Individual,Manual,Second Owner,16.5,1493,70.0,7
121,2017,620000,31000,Diesel,Individual,Manual,First Owner,25.4,1186,73.97,5
122,2017,1100000,26000,Petrol,Individual,Automatic,First Owner,18.0,1497,117.3,5
123,2013,275000,80000,Petrol,Individual,Manual,Second Owner,15.1,1196,73.0,5
124,2011,290000,90000,Petrol,Individual,Manual,Third Owner,17.0,1197,80.0,5
125,2018,655000,20000,Petrol,Individual,Manual,First Owner,18.6,1197,81.83,5
126,2018,250000,10000,Petrol,Individual,Manual,First Owner,22.7,799,53.64,5
127,2012,180000,80000,Petrol,Individual,Manual,First Owner,22.74,796,47.3,5
128,2008,300000,100000,Diesel,Individual,Manual,Second Owner,11.5,1991,147.9,7
129,2010,135000,148000,Diesel,Individual,Manual,Second Owner,19.09,1396,69.0,5
130,2009,120000,90000,Petrol,Individual,Manual,Second Owner,0.0,1086,62.0,5
131,2016,482000,50000,Petrol,Individual,Manual,First Owner,20.4,1197,81.8,5
132,2013,150000,90000,Diesel,Individual,Manual,Second Owner,19.4,1405,70.0,5
133,2012,470000,215000,Diesel,Individual,Manual,First Owner,12.05,2179,120.0,7
134,2017,395000,25000,Petrol,Individual,Manual,First Owner,21.63,998,67.0,5
135,2012,459999,87000,Diesel,Individual,Manual,First Owner,20.77,1248,88.76,7
136,2012,140000,120000,Diesel,Individual,Manual,Second Owner,21.03,1461,65.0,5
137,2017,800000,70000,Diesel,Individual,Manual,First Owner,24.52,1248,88.5,7
138,2011,265000,90000,Diesel,Individual,Manual,Fourth & Above Owner,19.3,1248,73.9,5
139,2017,660000,60000,Diesel,Individual,Manual,Second Owner,16.5,1493,70.0,7
140,2011,175000,175000,Petrol,Individual,Manual,Second Owner,19.7,796,46.3,5
141,2012,250000,40000,Diesel,Individual,Manual,First Owner,22.3,1248,74.0,5
142,2019,650000,5621,Petrol,Trustmark Dealer,Automatic,First Owner,22.0,1197,81.8,5
143,2019,550000,40000,Petrol,Individual,Manual,First Owner,21.21,1197,81.8,5
144,2012,350000,30000,Petrol,Individual,Manual,First Owner,17.5,1298,85.8,5
145,2011,340000,160000,Diesel,Individual,Manual,Second Owner,19.369999999999997,1248,81.86,5
146,2018,755000,39000,Diesel,Dealer,Manual,First Owner,28.4,1248,74.0,5
147,2017,329000,80000,Petrol,Individual,Manual,Second Owner,20.63,1198,67.0,5
148,2019,3800000,20000,Diesel,Individual,Automatic,First Owner,18.0,1969,190.0,5
149,2005,110000,53563,Petrol,Dealer,Manual,Second Owner,19.369999999999997,1248,81.86,5
150,2013,200000,50000,Petrol,Individual,Manual,First Owner,22.74,796,47.3,5
151,2018,575000,70000,Petrol,Individual,Manual,First Owner,17.0,1198,108.5,5
152,2019,700000,6000,Petrol,Individual,Manual,First Owner,19.0,1194,94.68,5
153,2004,118000,60000,Petrol,Individual,Manual,Second Owner,19.7,796,46.3,5
154,2014,850000,120000,Diesel,Individual,Manual,First Owner,15.1,2179,140.0,7
155,2011,1150000,181000,Diesel,Individual,Manual,Second Owner,11.5,2982,171.0,7
156,2009,307000,100000,Diesel,Individual,Manual,Second Owner,17.8,1248,75.0,5
157,2014,220000,50000,Petrol,Individual,Manual,Third Owner,21.1,814,55.2,5
158,2017,850000,63982,Diesel,Dealer,Manual,First Owner,22.7,1498,89.84,5
159,2011,350000,120000,Diesel,Individual,Manual,Second Owner,19.3,1248,73.9,5
160,2012,275000,48000,CNG,Individual,Manual,First Owner,13.2,1495,93.7,5
161,2016,819999,39000,Diesel,Dealer,Manual,First Owner,19.67,1582,126.2,5
162,2011,240000,90000,Diesel,Individual,Manual,Second Owner,19.3,1248,73.9,5
163,2003,110000,90000,Petrol,Individual,Manual,Second Owner,13.2,1495,94.0,5
164,2007,270000,147500,Diesel,Individual,Manual,Second Owner,12.8,2494,102.0,7
165,2008,122000,60000,Diesel,Individual,Manual,Second Owner,12.8,1995,52.0,5
166,2016,370000,90000,Diesel,Individual,Manual,First Owner,19.09,1405,69.01,5
167,2017,565000,80000,Petrol,Individual,Manual,First Owner,18.16,1196,86.8,5
168,2004,120000,150000,Diesel,Individual,Manual,Second Owner,13.6,2523,63.0,7
169,2017,650000,25000,Diesel,Individual,Manual,First Owner,26.59,1248,74.0,5
170,2004,400000,93415,Diesel,Dealer,Manual,First Owner,13.1,2499,141.0,7
171,2019,630000,15000,Diesel,Individual,Manual,Second Owner,28.4,1248,74.0,5
172,2010,150000,106000,Petrol,Individual,Manual,Third Owner,20.36,1197,78.9,5
173,2013,350000,70000,Diesel,Individual,Manual,Second Owner,22.07,1199,73.9,5
174,2015,516000,90000,Petrol,Individual,Manual,First Owner,18.6,1197,81.83,5
175,2016,750000,71000,Diesel,Individual,Manual,First Owner,18.49,1493,100.0,7
176,2006,200000,100000,Petrol,Individual,Manual,Second Owner,17.7,1497,78.0,5
177,2017,280000,31000,Petrol,Individual,Manual,Second Owner,21.1,814,55.2,5
178,2017,600000,30000,Petrol,Individual,Manual,First Owner,18.6,1197,81.83,5
179,2006,189000,93000,Petrol,Individual,Manual,Second Owner,16.1,1197,85.0,5
180,2017,800000,60000,Diesel,Individual,Manual,First Owner,14.1,2179,147.94,7
181,2017,750000,90000,Diesel,Individual,Manual,First Owner,24.3,1248,88.5,5
182,2017,2711000,9000,Diesel,Dealer,Automatic,First Owner,13.6,1999,177.0,5
183,2015,500000,75000,Diesel,Individual,Manual,First Owner,14.07,2956,69.01,7
184,2010,229999,120000,Petrol,Individual,Manual,Third Owner,15.6,1196,70.0,5
185,2012,420000,50000,Diesel,Individual,Manual,First Owner,15.96,2523,62.1,7
186,2013,200000,300000,Diesel,Individual,Manual,First Owner,14.0,2498,112.0,8
187,2017,350000,20000,Petrol,Individual,Manual,Second Owner,21.1,814,55.2,5
188,2010,200000,70000,Petrol,Individual,Manual,Second Owner,19.81,1086,68.05,5
189,2010,325000,86017,Diesel,Dealer,Manual,Second Owner,25.5,1498,99.23,5
190,2008,150000,70000,Petrol,Individual,Manual,Second Owner,19.7,796,46.3,5
191,2017,380000,28000,Petrol,Individual,Manual,Second Owner,23.84,1199,84.0,5
192,2010,217000,120000,Diesel,Individual,Manual,First Owner,21.1,1248,73.9,5
193,2018,750000,15000,Petrol,Dealer,Manual,First Owner,22.0,1197,81.8,5
194,2015,500000,150546,Petrol,Dealer,Manual,First Owner,22.0,1197,81.8,5
195,2019,430000,20000,CNG,Individual,Manual,First Owner,32.26,998,58.3,4
196,2016,270000,82000,Petrol,Individual,Manual,Third Owner,18.5,1197,85.8,5
197,2005,245000,120000,Diesel,Individual,Manual,First Owner,12.8,2494,102.0,8
198,2019,1200000,40000,Diesel,Individual,Manual,First Owner,25.6,1498,97.9,5
199,2014,500000,50000,Diesel,Individual,Manual,First Owner,13.58,2499,72.4,9
200,2019,650000,5621,Petrol,Trustmark Dealer,Automatic,First Owner,22.0,1197,81.8,5
201,2019,5500000,8500,Diesel,Dealer,Automatic,First Owner,16.78,1995,190.0,5
202,2013,500000,32000,Petrol,Individual,Manual,First Owner,16.8,1497,116.3,5
203,2012,220000,111000,Petrol,Individual,Manual,First Owner,19.7,796,46.3,5
204,2014,500000,132000,Diesel,Dealer,Manual,Second Owner,22.7,1498,89.84,5
205,2013,229999,46000,Petrol,Individual,Manual,First Owner,18.2,1199,84.8,5
206,2014,434999,50000,Petrol,Individual,Manual,First Owner,18.6,1197,85.8,5
207,2011,650000,375000,Diesel,Individual,Manual,First Owner,12.8,2494,102.0,8
208,2012,200000,80000,Diesel,Individual,Manual,Second Owner,19.369999999999997,1248,81.86,5
209,2017,450000,56290,Diesel,Dealer,Manual,First Owner,24.0,1186,73.97,5
210,2017,285000,25000,Petrol,Individual,Manual,Second Owner,24.7,796,47.3,5
211,2017,3200000,45000,Diesel,Dealer,Automatic,First Owner,19.33,1999,177.0,5
212,2018,900000,12000,Diesel,Dealer,Manual,First Owner,16.55,2498,105.0,6
213,2016,490000,100000,Diesel,Individual,Manual,First Owner,27.28,1047,69.0,5
214,2012,246000,35000,Diesel,Individual,Manual,Second Owner,23.03,1396,69.0,5
215,2006,430000,264000,Diesel,Individual,Manual,First Owner,12.8,2494,102.0,8
216,2012,415000,80000,Diesel,Individual,Manual,Second Owner,22.32,1582,126.32,5
217,2018,690000,13000,Petrol,Individual,Manual,First Owner,20.4,1194,94.93,5
218,2018,358000,44000,Petrol,Individual,Manual,First Owner,15.37,1196,73.0,7
219,2013,170000,70000,Petrol,Individual,Manual,Second Owner,18.6,1199,79.4,5
220,2010,180000,55000,Petrol,Individual,Manual,Second Owner,19.81,1086,68.05,5
221,2018,885000,75000,Diesel,Individual,Automatic,First Owner,21.5,1498,108.5,5
222,2014,229999,60000,Petrol,Individual,Manual,Second Owner,20.92,998,67.1,5
223,2016,535000,70000,Diesel,Individual,Manual,First Owner,25.2,1248,74.0,5
224,2014,450000,46000,Petrol,Individual,Manual,Second Owner,19.1,1197,81.86,5
225,2014,560000,90000,Diesel,Individual,Manual,Second Owner,26.21,1248,88.5,5
226,2011,200000,43500,Petrol,Individual,Manual,Second Owner,18.06,1198,75.0,5
227,2015,610000,90000,Diesel,Individual,Manual,First Owner,22.77,1498,98.59,5
228,2011,210000,46000,Petrol,Individual,Manual,First Owner,20.92,998,67.1,5
229,2014,235000,25000,Petrol,Individual,Manual,First Owner,22.74,796,47.3,5
230,2017,750000,50000,Diesel,Individual,Manual,First Owner,24.52,1248,88.5,7
231,2018,540000,30000,Diesel,Individual,Manual,First Owner,24.0,1186,73.97,5
232,2012,370000,120000,Diesel,Individual,Manual,Second Owner,13.5,2179,115.0,5
233,2014,430000,90000,Diesel,Individual,Manual,First Owner,22.9,1248,74.0,5
234,2016,675000,52000,Diesel,Individual,Manual,First Owner,23.65,1248,88.5,5
235,2017,450000,56290,Diesel,Dealer,Manual,First Owner,24.0,1186,73.97,5
236,2008,60000,120000,Diesel,Individual,Manual,Fourth & Above Owner,17.88,1396,52.8,5
237,2011,350000,93500,Petrol,Dealer,Manual,Third Owner,17.0,1497,118.0,5
238,2016,2000000,68089,Petrol,Trustmark Dealer,Automatic,First Owner,19.16,2494,157.7,5
239,2017,1600000,33000,Petrol,Dealer,Automatic,Second Owner,14.7,1798,177.5,5
240,2009,90000,60000,Diesel,Individual,Manual,Second Owner,17.88,1396,52.8,5
241,2018,335000,30000,Petrol,Individual,Manual,First Owner,25.17,799,53.3,5
242,2013,425000,70000,Diesel,Individual,Manual,First Owner,25.8,1498,98.6,5
243,2017,889000,25000,Petrol,Individual,Manual,First Owner,17.0,1497,121.31,5
244,2018,3251000,17601,Diesel,Dealer,Automatic,First Owner,16.25,1968,148.0,7
245,2019,380000,14000,Petrol,Individual,Automatic,First Owner,23.95,998,67.05,5
246,2015,300000,50000,Petrol,Individual,Manual,First Owner,22.74,796,47.3,5
247,2009,150000,110000,Petrol,Individual,Manual,Second Owner,20.36,1197,78.9,5
248,2013,600000,60000,Diesel,Individual,Manual,First Owner,20.77,1248,88.8,7
249,2013,750000,79328,Diesel,Trustmark Dealer,Manual,Second Owner,12.99,2494,100.6,7
250,2009,525000,217000,Diesel,Individual,Manual,Fourth & Above Owner,12.8,2494,102.0,8
251,2014,575000,106000,Diesel,Individual,Manual,First Owner,22.32,1582,126.32,5
252,2017,655000,70000,Diesel,Individual,Manual,First Owner,28.4,1248,74.02,5
253,2015,503000,110000,Diesel,Individual,Manual,First Owner,14.1,2179,147.94,7
254,2010,250000,190000,Diesel,Individual,Manual,Third Owner,16.2,1493,110.0,5
255,2014,655000,50000,Diesel,Individual,Manual,Second Owner,14.0,2523,75.0,9
256,2009,150000,90000,Diesel,Individual,Manual,Second Owner,13.93,2179,138.1,7
257,2014,521000,86000,Diesel,Individual,Manual,Second Owner,14.0,2179,138.1,7
258,2016,300000,30000,Petrol,Individual,Manual,First Owner,25.17,799,53.3,5
259,2019,525000,9200,Petrol,Individual,Automatic,First Owner,23.84,1199,83.83,5
260,2015,599000,92651,Diesel,Dealer,Manual,First Owner,21.7,1498,98.96,5
261,2017,600000,30000,Diesel,Individual,Manual,First Owner,25.83,1498,99.0,5
262,2011,475000,80000,Diesel,Individual,Manual,First Owner,22.32,1582,126.32,5
263,2019,600000,10000,Petrol,Individual,Manual,First Owner,18.6,1197,81.86,5
264,2006,114999,59000,Petrol,Individual,Manual,Second Owner,16.1,796,37.0,4
265,2009,220000,125000,Petrol,Individual,Manual,Second Owner,13.5,1799,130.0,5
266,2011,340000,100000,Diesel,Individual,Manual,Second Owner,13.6,2523,63.0,7
267,2018,350000,50000,Petrol,Individual,Manual,First Owner,23.84,1199,84.0,5
268,2017,320000,15000,Petrol,Individual,Manual,Second Owner,21.1,814,55.2,5
269,2017,3200000,45000,Diesel,Dealer,Automatic,First Owner,19.33,1999,177.0,5
270,2017,3200000,45000,Diesel,Dealer,Automatic,First Owner,19.33,1999,177.0,5
271,2011,600000,43000,Petrol,Dealer,Automatic,First Owner,13.4,1997,135.1,5
272,2016,778000,70000,Diesel,Individual,Manual,Second Owner,24.52,1248,88.5,7
273,2016,270000,30000,Petrol,Individual,Manual,Third Owner,23.01,999,67.0,5
274,2018,950000,27620,Diesel,Dealer,Manual,First Owner,22.77,1498,98.59,5
275,2017,570000,31596,Petrol,Dealer,Manual,First Owner,17.0,1497,121.36,5
276,2017,1100000,20000,Petrol,Individual,Automatic,First Owner,18.0,1497,117.6,5
277,2012,700000,60000,Diesel,Individual,Manual,Second Owner,15.1,2179,140.0,7
278,2015,350000,52000,Diesel,Individual,Manual,First Owner,19.09,1405,69.01,5
279,2015,650000,80000,Diesel,Individual,Manual,First Owner,22.54,1396,88.73,5
280,2013,260000,189000,Diesel,Individual,Manual,First Owner,21.02,1248,88.76,5
281,2012,500000,110000,Diesel,Individual,Manual,Second Owner,19.01,1461,108.45,5
282,2018,680000,8576,Petrol,Dealer,Manual,First Owner,18.7,1199,88.7,5
283,2016,550000,56494,Petrol,Trustmark Dealer,Manual,First Owner,18.2,1199,88.7,5
284,2008,120000,93331,Petrol,Individual,Manual,Second Owner,19.81,1086,68.05,5
285,2008,130000,30000,Petrol,Individual,Manual,Second Owner,19.81,1086,68.05,5
286,2017,690000,60000,Diesel,Individual,Manual,First Owner,16.5,1493,70.0,7
287,2010,210000,44500,Petrol,Dealer,Manual,First Owner,16.47,1198,74.0,5
288,2011,750000,291000,Diesel,Individual,Manual,Second Owner,12.8,2494,102.0,7
289,2016,550000,56494,Petrol,Trustmark Dealer,Manual,First Owner,18.2,1199,88.7,5
290,2019,650000,5621,Petrol,Trustmark Dealer,Automatic,First Owner,22.0,1197,81.8,5
291,2014,400000,60000,Petrol,Individual,Manual,Second Owner,18.9,1197,82.0,5
292,2017,600000,100000,Diesel,Individual,Manual,First Owner,23.65,1248,88.5,5
293,2013,175000,120000,Diesel,Individual,Manual,First Owner,19.09,1396,69.0,5
294,2016,500000,30000,Diesel,Individual,Manual,First Owner,27.3,1498,98.6,5
295,2003,85000,68300,Petrol,Individual,Manual,Third Owner,19.369999999999997,1248,81.86,5
296,2012,425000,56000,Diesel,Individual,Manual,Second Owner,22.9,1248,74.0,5
297,2014,599000,46100,Petrol,Dealer,Manual,First Owner,16.02,1373,93.7,7
298,2011,229999,140000,Diesel,Individual,Manual,Second Owner,11.57,2179,138.1,7
299,2017,3200000,45000,Diesel,Dealer,Automatic,First Owner,19.33,1999,177.0,5
300,2015,1147000,56975,Diesel,Individual,Manual,First Owner,16.0,2179,140.0,7
301,2013,3750000,56000,Diesel,Dealer,Automatic,First Owner,11.2,2993,241.0,4
302,2015,484999,75000,Diesel,Dealer,Manual,First Owner,19.87,1461,83.8,5
303,2009,125000,80000,Petrol,Individual,Manual,First Owner,16.1,796,37.0,4
304,2017,675000,70000,Diesel,Individual,Manual,Second Owner,15.96,2523,62.1,7
305,2016,750000,35000,Diesel,Individual,Manual,First Owner,20.45,1461,83.8,5
306,2019,740000,14000,Diesel,Individual,Manual,First Owner,16.5,1493,70.0,7
307,2004,70000,70000,Petrol,Individual,Manual,Second Owner,18.9,998,67.1,5
308,2014,465000,90000,Diesel,Individual,Manual,First Owner,23.4,1248,74.0,5
309,2015,400000,40000,Petrol,Individual,Manual,First Owner,20.51,998,67.04,5
310,2016,520000,29000,Petrol,Individual,Manual,First Owner,18.6,1197,81.83,5
311,2014,325000,65204,Petrol,Trustmark Dealer,Automatic,First Owner,23.1,998,67.04,5
312,2019,1300000,20000,Petrol,Individual,Automatic,First Owner,17.4,1497,117.6,5
313,2012,265000,60000,Petrol,Individual,Manual,First Owner,19.4,1198,86.8,5
314,2015,555000,20000,Petrol,Individual,Manual,Second Owner,15.8,1499,110.0,5
315,2013,219000,50000,Petrol,Individual,Manual,Second Owner,21.1,814,55.2,5
316,2012,140000,80000,Diesel,Individual,Manual,Fourth & Above Owner,19.09,1396,69.0,5
317,2018,575000,70000,Diesel,Individual,Manual,First Owner,20.65,1248,88.7,5
318,2015,600000,50000,Diesel,Individual,Manual,First Owner,26.59,1248,74.0,5
319,2017,550000,70000,Diesel,Individual,Manual,Second Owner,24.4,1120,71.0,5
320,2017,425000,42000,Petrol,Individual,Manual,First Owner,23.84,1199,84.0,5
321,2016,890000,40000,Petrol,Dealer,Automatic,First Owner,14.8,1591,121.3,5
322,2016,520000,20000,Petrol,Individual,Manual,First Owner,20.4,1197,81.8,5
323,2008,135000,40000,Petrol,Individual,Manual,Fourth & Above Owner,12.85,1396,99.6,5
324,2016,445000,63000,Diesel,Dealer,Manual,First Owner,15.3,2956,83.8,9
325,2011,385000,120000,Diesel,Individual,Manual,Second Owner,14.0,2523,75.0,8
326,2016,650000,99000,Diesel,Dealer,Automatic,First Owner,21.66,1498,103.52,5
327,2015,525000,248000,Diesel,Individual,Manual,First Owner,24.8,1396,88.7,5
328,2017,725000,45000,Diesel,Individual,Manual,First Owner,23.0,1498,98.96,5
329,2015,780000,40000,Diesel,Individual,Manual,First Owner,24.52,1248,88.5,7
330,1999,50000,60000,Petrol,Individual,Manual,Fourth & Above Owner,17.3,993,60.0,5
331,2019,650000,5621,Petrol,Trustmark Dealer,Automatic,First Owner,22.0,1197,81.8,5
332,2011,140000,50000,Petrol,Individual,Manual,Third Owner,20.92,998,67.1,5
333,2008,100000,40000,Diesel,Individual,Manual,First Owner,16.8,1405,62.0,5
334,2007,100000,60000,Petrol,Individual,Manual,Third Owner,14.7,1150,76.0,5
335,2015,600000,70000,Diesel,Individual,Manual,Second Owner,27.39,1248,74.0,5
336,2015,600000,35000,Petrol,Individual,Manual,First Owner,18.6,1197,81.83,5
337,2013,1550000,25000,Diesel,Individual,Automatic,First Owner,14.84,2143,170.0,5
338,2007,118000,110000,Petrol,Individual,Manual,Second Owner,19.7,796,46.3,5
339,2011,88000,97343,Diesel,Dealer,Manual,First Owner,18.8,1248,90.0,5
340,2011,590000,80000,Diesel,Individual,Manual,Third Owner,15.1,2179,140.0,7
341,2012,300000,70000,Diesel,Individual,Manual,First Owner,23.2,1248,73.94,5
342,2012,290000,27000,Petrol,Individual,Manual,First Owner,20.36,1197,78.9,5
343,2016,500000,32000,Petrol,Individual,Manual,First Owner,20.4,1197,81.8,5
344,2011,484999,80000,Diesel,Individual,Manual,Second Owner,13.5,2179,115.0,5
345,2012,310000,86000,Diesel,Individual,Manual,First Owner,21.12,1248,88.8,5
346,2018,500000,25000,Petrol,Individual,Manual,First Owner,20.3,1086,68.0,5
347,2006,150000,100000,Petrol,Individual,Manual,Second Owner,14.0,1061,64.0,5
348,2014,755000,29340,Diesel,Individual,Manual,First Owner,22.32,1582,126.32,5
349,2015,210000,50000,Petrol,Individual,Manual,Second Owner,22.74,796,47.3,5
350,2017,1282000,45000,Diesel,Individual,Manual,First Owner,17.6,2179,153.86,7
351,2017,810000,47747,Diesel,Dealer,Manual,First Owner,28.09,1248,88.5,5
352,2019,650000,15000,Diesel,Individual,Manual,First Owner,22.95,1248,74.0,5
353,2009,400000,170000,Diesel,Individual,Manual,Second Owner,13.6,2523,63.0,7
354,2011,340000,100000,Diesel,Individual,Manual,Second Owner,13.6,2523,63.0,7
355,2009,210000,90000,Diesel,Individual,Manual,Second Owner,18.1,1493,110.0,5
356,2013,210000,120000,Petrol,Individual,Manual,First Owner,15.64,1193,64.1,5
357,2014,550000,76000,Diesel,Dealer,Manual,First Owner,22.54,1396,88.73,5
358,2017,1748999,33019,Diesel,Dealer,Manual,First Owner,13.68,2393,147.8,7
359,2015,430000,110000,Diesel,Individual,Manual,Second Owner,18.49,1493,100.0,7
360,2017,325000,3564,Petrol,Individual,Manual,First Owner,23.95,998,67.05,5
361,2016,805000,49900,Petrol,Dealer,Manual,First Owner,16.3,1797,147.5,5
362,2011,625000,120000,Diesel,Individual,Manual,Second Owner,10.5,2835,116.9,6
363,2019,490000,7000,Petrol,Individual,Manual,First Owner,21.63,998,67.0,5
364,2017,2700000,23000,Diesel,Dealer,Automatic,First Owner,17.9,2143,136.0,5
365,2016,325000,70000,Petrol,Individual,Manual,Second Owner,19.44,1198,67.0,7
366,2016,300000,66693,Petrol,Dealer,Manual,First Owner,25.17,799,53.3,5
367,2018,270000,20000,Petrol,Individual,Manual,First Owner,24.7,796,47.3,5
368,2012,430000,120000,Diesel,Individual,Manual,First Owner,15.96,2523,62.1,7
369,2018,740000,38817,Diesel,Dealer,Manual,First Owner,27.39,1248,74.0,5
370,2012,222000,120000,LPG,Individual,Manual,First Owner,21.1,814,55.2,5
371,2006,250000,120000,Diesel,Individual,Manual,Third Owner,10.5,2179,120.0,8
372,2011,300000,110000,Petrol,Individual,Manual,First Owner,17.6,1496,88.73,5
373,2018,750000,15000,Petrol,Individual,Manual,First Owner,21.1,998,100.5,5
374,2015,600000,136000,Diesel,Individual,Manual,First Owner,19.01,1461,108.45,5
375,2011,302000,103000,Diesel,Individual,Manual,Third Owner,20.0,1399,68.0,5
376,2015,650000,26000,Petrol,Individual,Manual,First Owner,20.73,1373,91.1,5
377,2014,560000,72000,Diesel,Dealer,Manual,First Owner,26.0,1498,98.6,5
378,2018,475000,7800,Petrol,Individual,Manual,First Owner,20.3,1086,68.0,5
379,2016,925000,22000,Petrol,Individual,Manual,First Owner,17.8,1497,117.3,5
380,2017,731000,40000,Diesel,Individual,Manual,First Owner,22.54,1396,88.73,5
381,2000,31000,56194,Petrol,Individual,Manual,Fourth & Above Owner,16.1,796,37.0,4
382,2009,155000,54000,Petrol,Individual,Manual,First Owner,19.7,796,46.3,5
383,2015,300000,101500,Diesel,Individual,Manual,Second Owner,21.14,1498,103.52,5
384,2018,2475000,2000,Diesel,Dealer,Automatic,First Owner,16.8,1984,150.0,5
385,2015,391000,55000,Diesel,Dealer,Manual,First Owner,24.4,1120,71.0,5
386,2019,5150000,20000,Petrol,Dealer,Automatic,First Owner,22.37,2487,214.56,5
387,2015,1100000,110000,Diesel,Individual,Manual,First Owner,16.0,2179,140.0,7
388,2011,400000,110000,Diesel,Individual,Manual,Second Owner,12.05,2179,120.0,8
389,2017,950000,52236,Diesel,Dealer,Manual,First Owner,15.4,2179,120.0,7
390,2015,350000,38000,Petrol,Individual,Automatic,Second Owner,23.95,998,67.05,5
391,2014,550000,126000,Diesel,Individual,Manual,First Owner,12.05,2179,120.0,7
392,2015,503000,110000,Diesel,Individual,Manual,First Owner,14.1,2179,147.94,7
393,2012,625000,100000,Diesel,Individual,Manual,Second Owner,23.4,1248,74.0,5
394,2002,96000,120000,Diesel,Individual,Manual,First Owner,14.07,2956,83.1,7
395,2007,70000,80000,Petrol,Individual,Manual,Second Owner,18.2,1061,64.0,5
396,2016,645000,11000,Petrol,Dealer,Automatic,First Owner,14.3,1598,103.5,5
397,2015,400000,60000,Petrol,Individual,Manual,First Owner,23.1,998,67.04,5
398,2014,360000,70000,Diesel,Individual,Manual,First Owner,25.2,1248,74.0,5
399,2019,1140000,10000,Diesel,Individual,Automatic,First Owner,21.5,1497,108.5,5
400,2011,150000,120000,Diesel,Individual,Manual,First Owner,23.03,1396,69.0,5
401,2016,940000,50000,Diesel,Individual,Manual,First Owner,24.52,1248,88.5,7
402,1999,80000,80000,Petrol,Individual,Manual,Third Owner,16.1,796,37.0,4
403,2014,200000,43381,Petrol,Dealer,Manual,Second Owner,22.74,796,47.3,5
404,2016,710000,40000,Diesel,Individual,Manual,First Owner,24.8,1396,88.7,5
405,2010,55000,50000,Petrol,Individual,Manual,Third Owner,26.0,624,35.0,4
406,2019,1125000,3500,Petrol,Dealer,Automatic,First Owner,18.15,998,118.35,5
407,2010,400000,30000,Petrol,Individual,Manual,First Owner,15.6,1196,70.0,5
408,2008,235000,152500,Diesel,Individual,Manual,First Owner,17.8,1248,75.0,5
409,2018,850000,9500,Diesel,Individual,Manual,First Owner,21.5,1497,108.5,5
410,2005,180000,49455,Petrol,Individual,Manual,First Owner,19.7,796,46.3,5
411,2010,350000,90000,Diesel,Individual,Manual,Second Owner,23.0,1396,90.0,5
412,2016,270000,100000,Petrol,Individual,Manual,Third Owner,15.37,1196,73.0,7
413,2003,130000,80000,Petrol,Individual,Manual,Third Owner,14.2,1597,92.0,5
414,2012,175000,90000,Diesel,Individual,Manual,Third Owner,19.4,1405,70.0,5
415,2019,1090000,16500,Petrol,Dealer,Manual,First Owner,17.0,1197,110.0,5
416,2014,465000,120000,Diesel,Individual,Manual,Second Owner,23.4,1248,74.0,5
417,2014,650000,65000,Diesel,Individual,Manual,Second Owner,15.96,2523,62.1,7
418,2017,880000,25000,Diesel,Individual,Manual,First Owner,24.3,1248,88.5,5
419,2010,285000,155000,Petrol,Individual,Manual,Second Owner,15.5,1586,103.3,5
420,2012,1680000,129627,Diesel,Dealer,Manual,First Owner,11.5,2982,171.0,7
421,2012,280000,120000,Diesel,Individual,Manual,Second Owner,20.54,1598,103.6,5
422,2012,300000,54000,Diesel,Individual,Manual,First Owner,20.0,1399,68.0,5
423,2005,90000,100000,Petrol,Individual,Manual,Fourth & Above Owner,19.7,796,46.3,5
424,2014,225000,120000,Diesel,Individual,Manual,First Owner,22.3,1248,74.0,5
425,2007,65000,120000,Diesel,Individual,Manual,Third Owner,17.2,1396,53.5,5
426,2015,850000,173000,Diesel,Individual,Manual,First Owner,16.0,2179,140.0,7
427,2011,550000,80000,Diesel,Individual,Manual,Second Owner,12.05,2179,120.0,9
428,2013,300000,57000,Petrol,Individual,Manual,Second Owner,20.51,998,67.04,5
429,2015,390000,40000,Petrol,Individual,Manual,First Owner,20.51,998,67.04,5
430,2019,500000,60000,Petrol,Individual,Manual,First Owner,20.14,1197,81.86,5
431,2016,550000,56494,Petrol,Trustmark Dealer,Manual,First Owner,18.2,1199,88.7,5
432,2017,425000,42000,Petrol,Individual,Manual,First Owner,23.84,1199,84.0,5
433,2006,100000,42500,Petrol,Individual,Manual,First Owner,19.7,796,46.3,5
434,2017,550000,46000,Petrol,Individual,Manual,First Owner,21.4,1197,83.1,5
435,2014,290000,60000,Petrol,Individual,Manual,Second Owner,19.4,1198,86.8,5
436,2011,360000,100000,Diesel,Individual,Manual,First Owner,18.3,1991,147.9,5
437,2013,1000000,75010,Diesel,Dealer,Automatic,First Owner,13.73,1995,148.0,5
438,2013,525000,110000,Diesel,Individual,Manual,Second Owner,13.7,2179,138.1,7
439,2017,957000,60000,Diesel,Individual,Manual,First Owner,21.38,1396,88.7,5
440,2019,3800000,20000,Diesel,Individual,Automatic,First Owner,18.0,1969,190.0,5
441,2011,390000,120000,Diesel,Individual,Manual,Fourth & Above Owner,13.6,2523,63.0,7
442,2020,350000,5000,Petrol,Individual,Manual,First Owner,22.05,796,47.3,5
443,2012,195000,80000,Petrol,Individual,Manual,Second Owner,21.1,814,55.2,5
444,2008,80000,100000,Petrol,Individual,Manual,Third Owner,17.3,1061,64.0,5
445,2013,2000000,35000,Diesel,Individual,Automatic,Second Owner,17.68,1968,174.33,5
446,2016,725000,54000,Diesel,Individual,Manual,Second Owner,24.52,1248,88.5,7
447,2017,710000,120000,Diesel,Individual,Manual,First Owner,18.49,1493,100.0,7
448,2010,1200000,35000,Petrol,Individual,Automatic,Second Owner,10.93,2497,204.0,5
449,2017,300000,8000,Petrol,Individual,Manual,First Owner,21.1,814,55.2,5
450,2016,765000,80000,Diesel,Individual,Manual,First Owner,26.0,1498,98.6,5
451,2019,990000,15000,Petrol,Individual,Manual,First Owner,17.0,1591,121.3,5
452,2011,180000,70000,Petrol,Individual,Manual,First Owner,16.36,1495,93.7,5
453,2012,385000,116000,Petrol,Individual,Manual,First Owner,15.0,1598,103.5,5
454,2014,250000,40000,Petrol,Individual,Manual,First Owner,19.0,998,66.1,5
455,2012,170000,120000,Diesel,Individual,Manual,Third Owner,19.09,1396,69.0,5
456,2017,975000,41000,Diesel,Dealer,Manual,First Owner,20.5,1582,126.2,5
457,2016,805000,49900,Petrol,Dealer,Manual,First Owner,16.3,1797,147.5,5
458,2015,525000,80000,Diesel,Individual,Manual,First Owner,26.59,1248,74.0,5
459,2019,681000,10000,Petrol,Individual,Manual,First Owner,19.0,1194,94.68,5
460,2017,650000,32331,Diesel,Individual,Manual,Second Owner,22.54,1396,88.73,5
461,2013,750000,79328,Diesel,Trustmark Dealer,Manual,Second Owner,12.99,2494,100.6,7
462,2014,361000,26000,Petrol,Individual,Automatic,First Owner,19.34,1198,76.0,5
463,2017,800000,60000,Diesel,Individual,Manual,Second Owner,16.55,2498,105.0,6
464,2019,600000,7500,Petrol,Individual,Automatic,First Owner,21.21,1197,81.8,5
465,2015,1400000,170000,Diesel,Individual,Manual,First Owner,12.99,2494,100.6,7
466,2014,300000,100000,Petrol,Individual,Manual,First Owner,19.81,1086,68.05,5
467,2015,1000000,50000,Diesel,Individual,Manual,First Owner,12.99,2494,100.6,8
468,2015,500000,126000,Diesel,Individual,Manual,First Owner,21.19,1396,88.73,5
469,2009,340000,214000,Petrol,Individual,Manual,Second Owner,13.9,1599,103.2,5
470,2014,550000,110000,Diesel,Individual,Manual,Second Owner,26.0,1498,98.6,5
471,2009,195000,56000,Petrol,Dealer,Manual,Second Owner,19.369999999999997,1248,81.86,5
472,2009,160000,70000,Petrol,Individual,Manual,Third Owner,19.7,796,46.3,5
473,2018,450000,35000,Petrol,Individual,Manual,First Owner,20.3,1199,84.0,5
474,2018,550000,5000,Petrol,Individual,Manual,First Owner,22.0,1197,81.8,5
475,2005,130000,140000,Petrol,Individual,Manual,Second Owner,18.9,998,67.1,5
476,2003,200000,120000,Diesel,Individual,Manual,Second Owner,10.5,2179,120.0,7
477,2017,480000,55000,Petrol,Individual,Manual,First Owner,20.85,1197,83.14,5
478,2009,250000,105000,Petrol,Individual,Automatic,Second Owner,12.9,1799,130.0,5
479,2016,550000,20000,Petrol,Individual,Manual,First Owner,20.4,1197,81.8,5
480,2012,135000,120000,Diesel,Individual,Manual,Second Owner,19.0,1405,71.0,5
481,2013,400000,44500,Diesel,Individual,Manual,Second Owner,20.46,1461,83.8,5
482,2017,775000,32000,Diesel,Dealer,Manual,First Owner,24.3,1248,88.5,5
483,2015,530000,110000,Diesel,Individual,Manual,First Owner,21.64,1461,84.8,5
484,2017,1100000,20000,Diesel,Individual,Manual,First Owner,14.1,2179,147.94,7
485,2018,750000,17000,Diesel,Individual,Manual,First Owner,23.0,1498,98.96,5
486,2016,350000,49600,Diesel,Individual,Manual,Second Owner,25.32,1198,77.0,6
487,2016,470000,13500,Petrol,Individual,Manual,First Owner,18.9,1197,82.0,5
488,2016,1898999,46000,Diesel,Dealer,Automatic,First Owner,18.25,1968,187.74,5
489,2011,190000,90000,Diesel,Individual,Manual,Second Owner,20.0,1399,68.0,5
490,2014,645000,139000,Diesel,Individual,Automatic,First Owner,11.79,2179,120.0,8
491,2017,875000,77524,Diesel,Dealer,Manual,First Owner,22.7,1498,89.84,5
492,2013,680000,37500,Diesel,Individual,Manual,Second Owner,20.77,1248,88.8,7
493,2015,434999,40000,Petrol,Dealer,Manual,First Owner,18.9,1197,82.0,5
494,2013,434999,120000,Diesel,Individual,Manual,First Owner,21.64,1461,84.8,5
495,2018,750000,22000,Diesel,Individual,Manual,First Owner,21.03,1461,65.0,5
496,2010,148000,70000,Petrol,Individual,Manual,Third Owner,14.7,1150,76.0,5
497,2016,459999,60000,Petrol,Individual,Manual,Second Owner,20.85,1197,83.14,5
498,2014,525000,78000,Diesel,Dealer,Manual,Second Owner,15.05,2179,147.9,7
499,2012,260000,31000,Petrol,Individual,Manual,First Owner,18.9,998,67.1,5
500,2015,615000,72000,Diesel,Individual,Manual,First Owner,22.54,1396,88.73,5
501,2017,330000,90000,Petrol,Individual,Manual,First Owner,15.37,1196,73.0,5
502,2017,328000,68000,Petrol,Individual,Manual,Second Owner,23.84,1199,84.0,5
503,2011,114999,172000,Diesel,Individual,Manual,Second Owner,17.88,1396,52.8,5
504,2017,1789999,36000,Diesel,Dealer,Manual,First Owner,13.68,2393,147.8,8
505,2015,320000,91000,Diesel,Individual,Manual,Third Owner,24.4,1120,71.0,5
506,2017,400000,65000,Petrol,Individual,Manual,Second Owner,20.51,998,67.04,5
507,2013,275000,20000,Petrol,Individual,Manual,First Owner,21.1,814,55.2,5
508,2011,420000,28100,Petrol,Individual,Manual,First Owner,19.369999999999997,1248,81.86,5
509,2017,1450000,7000,Petrol,Dealer,Automatic,Second Owner,14.53,1794,138.1,5
510,2013,375000,212000,Diesel,Individual,Manual,First Owner,21.64,1461,84.8,5
511,2010,125000,80000,Petrol,Individual,Manual,Fourth & Above Owner,19.7,796,46.3,5
512,1999,70000,65000,Petrol,Individual,Manual,Fourth & Above Owner,15.9,1298,85.0,5
513,2016,400000,80000,Petrol,Individual,Manual,Second Owner,18.9,1197,82.0,5
514,2012,275000,50000,Petrol,Individual,Manual,First Owner,20.92,998,67.1,5
515,2019,5400000,7500,Diesel,Dealer,Automatic,First Owner,16.78,1995,190.0,5
516,2018,900000,30000,Diesel,Individual,Manual,First Owner,25.5,1498,98.6,5
517,2016,2100000,80000,Diesel,Individual,Automatic,First Owner,10.91,3198,197.0,7
518,2015,130000,60000,Petrol,Individual,Manual,First Owner,25.4,624,37.48,4
519,2018,500000,60000,Petrol,Individual,Manual,First Owner,18.15,1198,82.0,6
520,2017,6000000,37000,Diesel,Dealer,Automatic,First Owner,13.5,2987,254.79,5
521,2018,450000,35000,Petrol,Individual,Manual,First Owner,20.3,1199,84.0,5
522,2016,480000,30000,Diesel,Individual,Manual,First Owner,24.0,1120,70.0,5
523,2018,1150000,44000,Diesel,Individual,Automatic,First Owner,17.01,1582,126.2,5
524,2011,270000,105000,Diesel,Individual,Manual,Second Owner,21.9,1396,90.0,5
525,2016,1525000,42163,Diesel,Dealer,Automatic,Second Owner,11.36,2755,171.5,7
526,2007,45000,73257,Petrol,Individual,Manual,First Owner,16.1,796,37.0,4
527,2009,150000,70000,Petrol,Individual,Manual,Fourth & Above Owner,19.7,796,46.3,5
528,2017,670000,50000,Diesel,Individual,Manual,First Owner,27.3,1498,98.6,5
529,2017,615000,40000,Petrol,Individual,Automatic,First Owner,19.0,1199,88.7,5
530,2016,260000,65000,Petrol,Individual,Manual,Second Owner,22.74,796,47.3,5
531,2016,425000,120000,Diesel,Individual,Manual,Third Owner,26.59,1248,74.0,5
532,2016,575000,53000,Diesel,Dealer,Manual,First Owner,22.54,1396,88.73,5
533,2016,550000,56494,Petrol,Trustmark Dealer,Manual,First Owner,18.2,1199,88.7,5
534,2010,300000,48000,Petrol,Individual,Manual,First Owner,15.8,1172,65.0,5
535,2013,370000,120000,Petrol,Individual,Manual,First Owner,18.5,1197,82.85,5
536,2013,225000,58343,Petrol,Trustmark Dealer,Manual,First Owner,21.79,998,67.05,5
537,2008,148000,80000,LPG,Individual,Manual,Second Owner,17.3,1061,57.5,5
538,2016,550000,56494,Petrol,Trustmark Dealer,Manual,First Owner,18.2,1199,88.7,5
539,2011,450000,80000,Diesel,Individual,Manual,Third Owner,11.57,2179,138.1,7
540,2018,275000,20000,Petrol,Individual,Automatic,First Owner,23.0,999,67.0,5
541,2013,170000,60000,Petrol,Individual,Manual,Fourth & Above Owner,22.74,796,47.3,5
542,2017,220000,40000,Petrol,Individual,Manual,First Owner,16.8,796,34.2,8
543,2014,355000,121000,Petrol,Dealer,Manual,First Owner,19.1,1197,82.0,5
544,1998,68000,110000,Petrol,Individual,Manual,Third Owner,13.1,1598,77.0,5
545,2014,220000,100000,Petrol,Individual,Manual,First Owner,23.95,998,67.05,5
546,2013,550000,100600,Diesel,Individual,Manual,Third Owner,20.46,1461,83.8,5
547,2011,250000,90000,Diesel,Individual,Manual,Second Owner,13.55,2179,118.35,7
548,2013,350000,70000,Diesel,Individual,Manual,Second Owner,21.9,1396,88.76,5
549,2011,160000,100000,Petrol,Individual,Manual,Second Owner,15.37,1196,73.0,7
550,2017,400000,30000,Petrol,Individual,Automatic,Second Owner,23.1,998,67.04,5
551,2013,355000,68000,Diesel,Individual,Manual,First Owner,22.1,1248,76.9,5
552,2010,425000,83585,Diesel,Dealer,Manual,First Owner,21.43,1364,87.2,5
553,2015,480000,87847,Diesel,Dealer,Manual,First Owner,28.4,1248,74.0,5
554,2017,630000,30000,Petrol,Individual,Manual,First Owner,18.6,1197,81.83,5
555,2019,1000000,22000,Petrol,Individual,Manual,First Owner,17.0,1197,110.0,5
556,2011,350000,93500,Diesel,Individual,Manual,Second Owner,18.6,1388,67.0,5
557,2018,775000,47000,Petrol,Dealer,Manual,Second Owner,16.02,1373,93.7,7
558,2017,1650000,50000,Diesel,Individual,Manual,First Owner,17.1,1956,170.0,5
559,2018,570000,25000,Petrol,Individual,Manual,First Owner,18.6,1197,81.83,5
560,2012,400000,58400,Diesel,Individual,Manual,Second Owner,19.3,1248,73.9,5
561,2017,735000,70000,Diesel,Individual,Manual,First Owner,18.49,1493,100.0,7
562,2017,670000,80000,Diesel,Individual,Manual,First Owner,22.54,1396,88.73,5
563,2019,930000,15000,Diesel,Individual,Manual,First Owner,25.1,1248,88.5,5
564,2010,165000,56000,Petrol,Individual,Manual,Third Owner,17.92,1086,62.1,5
565,2007,80000,63000,Petrol,Individual,Automatic,Third Owner,18.9,1061,67.0,5
566,2011,260000,65000,Petrol,Individual,Automatic,Third Owner,12.6,1586,103.3,5
567,2016,770000,50000,Diesel,Individual,Manual,First Owner,18.49,1493,100.0,7
568,2010,125000,60000,Petrol,Individual,Manual,First Owner,15.26,1150,74.9,5
569,2015,1250000,160000,Diesel,Individual,Manual,Second Owner,13.5,2477,178.0,7
570,2018,438999,25000,Petrol,Individual,Manual,First Owner,23.84,1199,84.0,5
571,2018,1180000,5500,Petrol,Individual,Manual,First Owner,17.4,1497,117.6,5
572,2015,649000,39000,Petrol,Dealer,Manual,First Owner,17.4,1497,117.3,5
573,2009,140000,140000,Diesel,Individual,Manual,Second Owner,13.8,1399,68.0,5
574,2001,52000,70000,Petrol,Individual,Manual,Second Owner,19.369999999999997,1248,81.86,5
575,2017,500000,26000,Petrol,Individual,Automatic,First Owner,19.34,1198,76.0,5
576,2008,365000,120000,Diesel,Individual,Manual,Fourth & Above Owner,12.7,2609,120.0,8
577,2007,600000,260000,Diesel,Individual,Manual,Third Owner,12.8,2494,102.0,7
578,2012,175000,60000,Petrol,Individual,Manual,Third Owner,19.369999999999997,1248,81.86,5
579,2012,415000,125000,Diesel,Individual,Manual,Second Owner,21.43,1364,87.2,5
580,2011,250000,140000,Petrol,Individual,Automatic,Second Owner,14.4,1598,103.6,5
581,2018,2475000,2000,Diesel,Dealer,Automatic,First Owner,16.8,1984,150.0,5
582,2015,600000,35000,Petrol,Individual,Manual,First Owner,18.6,1197,81.83,5
583,2008,114999,95200,Petrol,Individual,Manual,Third Owner,13.2,1495,94.0,5
584,2017,660000,80000,Diesel,Individual,Manual,First Owner,16.5,1493,70.0,7
585,2018,2475000,2000,Diesel,Dealer,Automatic,First Owner,16.8,1984,150.0,5
586,2011,300000,119000,Diesel,Individual,Manual,Second Owner,16.52,1991,123.7,5
587,2016,250000,110000,Petrol,Individual,Manual,First Owner,21.1,814,55.2,5
588,2014,250000,25000,Petrol,Individual,Manual,First Owner,21.1,814,55.2,5
589,2016,645000,11000,Petrol,Dealer,Automatic,First Owner,14.3,1598,103.5,5
590,2015,499000,61000,Diesel,Dealer,Manual,Second Owner,22.71,1461,84.8,5
591,2012,220000,70000,Diesel,Individual,Manual,Second Owner,23.2,1248,73.94,5
592,2014,999000,25000,Diesel,Individual,Manual,First Owner,15.4,2179,120.0,9
593,2015,320000,50000,Petrol,Individual,Manual,Second Owner,20.51,998,67.04,5
594,2003,55599,36088,Petrol,Individual,Manual,First Owner,16.1,796,37.0,4
595,2013,380000,110000,Diesel,Individual,Manual,Second Owner,21.27,1396,88.76,5
596,2018,740000,38817,Diesel,Dealer,Manual,First Owner,27.39,1248,74.0,5
597,2018,2475000,2000,Diesel,Dealer,Automatic,First Owner,16.8,1984,150.0,5
598,2015,600000,135000,Diesel,Individual,Manual,First Owner,22.77,1498,98.59,5
599,2017,430000,113000,Diesel,Individual,Manual,First Owner,25.83,1498,99.0,5
600,2019,5500000,8500,Diesel,Dealer,Automatic,First Owner,16.78,1995,190.0,5
601,2012,300000,120000,Petrol,Individual,Manual,First Owner,18.5,1197,82.85,5
602,2013,300000,120000,Diesel,Individual,Manual,Fourth & Above Owner,22.9,1248,74.0,5
603,2012,150000,70000,Diesel,Individual,Manual,Second Owner,25.44,936,57.6,5
604,2013,200000,40000,Petrol,Individual,Manual,First Owner,21.1,814,55.2,5
605,2015,600000,60000,Diesel,Individual,Manual,First Owner,13.93,2179,138.03,7
606,2019,779000,7032,Petrol,Trustmark Dealer,Automatic,First Owner,19.0,1199,88.76,5
607,2014,160000,90000,Diesel,Individual,Manual,First Owner,25.0,1396,69.0,5
608,2008,165000,120000,Diesel,Individual,Manual,Third Owner,14.8,1998,68.0,5
609,2018,310000,7000,Petrol,Individual,Manual,First Owner,22.5,999,67.0,5
610,2016,530000,120000,Petrol,Individual,Manual,Second Owner,17.19,1197,81.86,5
611,2016,1516000,120000,Diesel,Individual,Automatic,First Owner,11.36,2755,171.5,7
612,2007,78000,38000,Petrol,Individual,Manual,Second Owner,15.3,1193,65.3,5
613,2003,125000,120000,Diesel,Individual,Manual,Third Owner,12.7,2609,116.6,8
614,2013,900000,18000,Diesel,Individual,Manual,First Owner,15.1,2179,140.0,7
615,2018,950000,13887,Petrol,Individual,Manual,First Owner,17.0,1591,121.3,5
616,2017,320000,28000,Petrol,Individual,Manual,First Owner,25.17,799,53.3,5
617,2016,240000,40000,Petrol,Individual,Manual,First Owner,16.8,796,34.2,5
618,2014,250000,20000,Petrol,Individual,Manual,First Owner,21.1,814,55.2,5
619,2018,300000,30000,Petrol,Individual,Manual,First Owner,24.7,796,47.3,5
620,2018,550000,30000,Petrol,Individual,Manual,First Owner,21.4,1197,83.1,5
621,2014,260000,38000,Diesel,Individual,Manual,First Owner,22.1,1248,74.0,5
622,2004,100000,60000,Diesel,Individual,Manual,Third Owner,16.1,1405,70.0,5
623,2013,290000,40000,Petrol,Individual,Manual,Second Owner,21.1,814,55.2,5
624,2016,500000,35000,Petrol,Individual,Manual,First Owner,17.0,1198,73.75,5
625,2010,235000,90000,Diesel,Individual,Manual,First Owner,14.0,1948,90.0,9
626,2006,50000,40000,Petrol,Individual,Manual,Third Owner,16.1,796,37.0,4
627,2015,575000,60000,Diesel,Individual,Manual,First Owner,22.54,1396,88.73,5
628,2018,850000,59000,Diesel,Individual,Manual,First Owner,24.2,1498,93.87,7
629,2016,315000,60000,Petrol,Individual,Manual,First Owner,25.17,799,53.3,5
630,2018,630000,15000,Petrol,Individual,Manual,First Owner,21.21,1197,81.8,5
631,2016,280000,110000,Diesel,Individual,Manual,Second Owner,18.2,1248,73.74,7
632,2010,180000,55000,Petrol,Individual,Manual,First Owner,19.0,998,67.1,5
633,2015,300000,80000,Petrol,Individual,Manual,First Owner,19.49,1198,67.04,5
634,2010,500000,120000,Diesel,Individual,Manual,Second Owner,11.8,1991,150.0,5
635,2017,625000,25538,Petrol,Trustmark Dealer,Manual,First Owner,16.78,1496,88.73,5
636,2018,400000,50000,Diesel,Individual,Manual,First Owner,23.5,909,45.0,8
637,2016,800000,80000,Diesel,Individual,Manual,First Owner,23.9,1582,126.2,5
638,2016,2000000,68089,Petrol,Trustmark Dealer,Automatic,First Owner,19.16,2494,157.7,5
639,2006,300000,140000,Diesel,Individual,Manual,Second Owner,12.8,2494,102.0,8
640,2013,200000,68697,Petrol,Individual,Manual,Third Owner,21.1,814,55.2,5
641,2011,350000,116500,Diesel,Individual,Manual,First Owner,23.0,1396,90.0,5
642,2012,320000,40000,Petrol,Individual,Manual,First Owner,18.5,1197,85.8,5
643,2015,1250000,160000,Diesel,Individual,Manual,Second Owner,13.5,2477,178.0,7
644,2016,2000000,68089,Petrol,Trustmark Dealer,Automatic,First Owner,19.16,2494,157.7,5
645,2017,750000,51000,Petrol,Dealer,Automatic,First Owner,19.56,1197,81.8,5
646,2010,229999,170000,Diesel,Individual,Manual,Second Owner,17.8,1399,68.0,5
647,2011,46000,25000,Petrol,Individual,Manual,Second Owner,26.0,624,35.0,4
648,2018,700000,28451,Petrol,Dealer,Manual,First Owner,18.6,1197,81.83,5
649,2017,400000,60000,CNG,Individual,Manual,First Owner,21.94,1196,61.7,5
650,2014,1019999,60000,Diesel,Individual,Manual,Second Owner,12.99,2494,100.6,7
651,2018,850000,64000,Petrol,Dealer,Manual,First Owner,20.65,1462,103.25,5
652,2016,550000,56494,Petrol,Trustmark Dealer,Manual,First Owner,18.2,1199,88.7,5
653,2017,1511000,32000,Diesel,Individual,Manual,First Owner,16.3,1956,170.0,5
654,2018,2940000,100000,Diesel,Dealer,Automatic,First Owner,12.9,2755,174.5,7
655,2018,600000,69779,Petrol,Dealer,Automatic,First Owner,22.0,1197,81.8,5
656,2016,750000,16151,Petrol,Dealer,Manual,First Owner,17.8,1497,117.3,5
657,2007,160000,74800,Petrol,Individual,Manual,Second Owner,18.2,998,67.1,5
658,2016,645000,11000,Petrol,Dealer,Automatic,First Owner,14.3,1598,103.5,5
659,2018,880000,65000,Diesel,Individual,Manual,First Owner,23.0,1498,98.96,5
660,2009,330000,180000,Diesel,Individual,Manual,First Owner,13.6,1991,142.0,5
661,2013,225000,58343,Petrol,Trustmark Dealer,Manual,First Owner,21.79,998,67.05,5
662,2017,693000,58559,Diesel,Dealer,Manual,First Owner,25.2,1248,74.0,5
663,2016,575000,53000,Diesel,Dealer,Manual,First Owner,22.54,1396,88.73,5
664,2008,300000,120000,Diesel,Individual,Manual,Second Owner,11.57,2179,138.1,7
665,2017,254000,40000,Petrol,Individual,Manual,First Owner,24.7,796,47.3,5
666,2017,725000,40000,Diesel,Dealer,Manual,First Owner,18.49,1493,100.0,7
667,2012,425000,96000,Diesel,Individual,Manual,Second Owner,20.77,1248,88.8,7
668,2018,630000,46000,Diesel,Individual,Manual,First Owner,28.4,1248,74.0,5
669,2017,520000,28832,Diesel,Dealer,Manual,First Owner,23.4,1248,74.0,5
670,2018,750000,70000,Diesel,Individual,Manual,First Owner,16.5,1493,70.0,7
671,2019,750000,3100,Petrol,Individual,Automatic,First Owner,18.2,1199,88.7,5
672,2004,75000,46000,Petrol,Individual,Manual,Fourth & Above Owner,16.1,796,37.0,4
673,2013,175000,68000,Diesel,Individual,Manual,Second Owner,25.44,936,57.6,5
674,2010,150000,70000,LPG,Individual,Manual,Third Owner,13.45,1086,62.1,5
675,2017,680000,71000,Diesel,Individual,Manual,First Owner,27.39,1248,74.0,5
676,2020,775000,2000,Petrol,Dealer,Manual,First Owner,20.7,1197,81.86,5
677,2016,360000,110000,Diesel,Individual,Manual,First Owner,23.0,1248,88.7,5
678,2019,900000,40000,Diesel,Individual,Manual,First Owner,24.3,1248,88.5,5
679,2018,770000,50000,Diesel,Individual,Manual,First Owner,24.3,1248,88.5,5
680,2009,190000,160000,Petrol,Individual,Manual,Third Owner,17.5,1197,85.8,5
681,2011,400000,221889,Diesel,Dealer,Manual,First Owner,22.32,1582,126.32,5
682,2017,1000000,15000,Petrol,Individual,Automatic,First Owner,17.01,1591,121.3,5
683,2011,350000,116500,Diesel,Individual,Manual,First Owner,23.0,1396,90.0,5
684,2019,650000,5000,Petrol,Individual,Manual,First Owner,20.0,999,72.0,7
685,2017,500000,25000,Petrol,Individual,Manual,First Owner,20.14,1197,81.86,5
686,2016,745000,70000,Diesel,Individual,Manual,First Owner,24.3,1248,88.5,5
687,2011,350000,100000,Diesel,Individual,Manual,Second Owner,23.0,1396,90.0,5
688,2014,325000,48000,Petrol,Individual,Manual,First Owner,23.1,998,67.04,5
689,2017,325000,5000,Petrol,Individual,Manual,Second Owner,18.15,1198,82.0,6
690,2006,425000,270000,Diesel,Individual,Manual,Third Owner,12.8,2494,102.0,8
691,2009,175000,95000,Petrol,Individual,Manual,Second Owner,19.0,998,66.1,5
692,2017,550000,60000,Diesel,Individual,Manual,First Owner,24.0,1186,73.97,5
693,2012,60000,40000,Petrol,Individual,Manual,Second Owner,25.4,624,38.0,4
694,2014,325000,70000,CNG,Individual,Manual,Second Owner,21.94,1196,61.7,5
695,2013,585000,80000,Diesel,Individual,Manual,Second Owner,20.46,1461,83.8,5
696,2019,470000,9000,Petrol,Dealer,Automatic,First Owner,21.63,998,67.04,5
697,2014,440000,70000,Diesel,Individual,Manual,Second Owner,22.54,1396,88.73,5
698,2014,580000,97000,Diesel,Individual,Manual,First Owner,26.0,1498,98.6,5
699,2016,280000,100000,Diesel,Individual,Manual,First Owner,25.32,1198,77.0,6
700,2015,800000,25000,Petrol,Individual,Manual,First Owner,15.85,1499,110.4,5
701,2014,630000,95000,Diesel,Individual,Manual,Second Owner,14.02,2179,118.3,8
702,2018,950000,58511,Diesel,Dealer,Manual,First Owner,24.3,1248,88.5,5
703,2013,350000,40000,Petrol,Individual,Manual,First Owner,20.51,998,67.04,5
704,2012,320000,110000,Diesel,Individual,Manual,Third Owner,19.01,1461,108.45,5
705,2016,560000,72000,Diesel,Individual,Manual,First Owner,15.96,2523,63.0,9
706,2004,120000,120000,Petrol,Individual,Manual,Third Owner,18.9,998,67.1,5
707,2016,640000,70000,Diesel,Individual,Manual,First Owner,24.3,1248,88.5,5
708,2009,150000,300000,Diesel,Individual,Manual,First Owner,14.0,2498,112.0,7
709,2015,600000,40000,Diesel,Individual,Manual,First Owner,15.96,2523,62.1,7
710,2015,503000,110000,Diesel,Individual,Manual,First Owner,14.1,2179,147.94,7
711,2012,254999,90000,Diesel,Individual,Manual,First Owner,23.0,1396,90.0,5
712,2015,440000,30000,Petrol,Individual,Manual,First Owner,20.4,1197,81.8,5
713,2015,600000,80000,Diesel,Individual,Manual,Second Owner,23.9,1582,126.2,5
714,2010,196000,110000,Petrol,Individual,Automatic,Third Owner,16.95,1197,78.9,5
715,2016,750000,40000,Diesel,Individual,Manual,First Owner,21.19,1396,88.73,5
716,2014,350000,35000,Petrol,Individual,Manual,First Owner,20.51,998,67.04,5
717,2012,145000,120000,Petrol,Individual,Manual,First Owner,18.6,1199,79.4,5
718,2013,325000,69000,Diesel,Dealer,Manual,First Owner,18.6,1388,67.0,5
719,2011,550000,250000,Diesel,Individual,Manual,Second Owner,12.8,2494,102.0,7
720,2009,114999,100000,Petrol,Individual,Manual,First Owner,19.7,796,46.3,5
721,2012,380000,80000,Diesel,Individual,Manual,Fourth & Above Owner,21.5,1248,88.8,5
722,2011,210000,110000,Diesel,Individual,Manual,Third Owner,23.08,1461,63.1,5
723,2017,666000,13000,Petrol,Individual,Manual,First Owner,18.6,1197,81.83,5
724,2012,450000,128000,Diesel,Individual,Manual,Second Owner,22.32,1582,126.32,5
725,2018,310000,30000,Petrol,Individual,Manual,First Owner,24.7,796,47.3,5
726,2018,775000,59736,Diesel,Dealer,Manual,First Owner,18.49,1493,100.0,7
727,2009,280000,120000,Diesel,Individual,Manual,First Owner,18.1,1493,110.0,5
728,2020,370000,15000,Petrol,Individual,Manual,First Owner,22.05,796,47.3,5
729,2015,575000,60000,Diesel,Dealer,Manual,First Owner,25.47,1248,88.5,7
730,2011,175000,90400,Diesel,Individual,Manual,First Owner,20.0,1399,68.0,5
731,2012,600000,145000,Diesel,Individual,Manual,Second Owner,12.99,2494,100.0,8
732,2018,500000,120000,Petrol,Individual,Manual,First Owner,18.9,1197,81.86,5
733,2012,350000,74000,Diesel,Individual,Manual,Second Owner,22.07,1199,73.9,5
734,2011,375000,69000,Diesel,Individual,Manual,Second Owner,20.54,1598,103.6,5
735,2017,3200000,45000,Diesel,Dealer,Automatic,First Owner,19.33,1999,177.0,5
736,2018,825000,82000,Diesel,Individual,Manual,First Owner,28.09,1248,88.5,5
737,2016,650000,50000,Diesel,Individual,Automatic,First Owner,17.45,1493,100.0,7
738,2018,560000,18000,Diesel,Individual,Manual,First Owner,21.66,1498,108.62,5
739,2013,450000,24019,Diesel,Individual,Manual,First Owner,22.9,1248,74.0,5
740,2012,520000,162000,Diesel,Individual,Manual,Fourth & Above Owner,12.8,2494,102.0,7
741,2013,325000,70000,Petrol,Individual,Manual,Second Owner,20.36,1197,78.9,5
742,2011,270000,167000,Petrol,Individual,Manual,First Owner,19.369999999999997,1248,81.86,5
743,2011,300000,265000,Diesel,Individual,Manual,Second Owner,20.86,1199,75.0,5
744,2018,2850000,27000,Diesel,Dealer,Automatic,First Owner,17.05,1995,184.0,5
745,2011,1000000,50000,Diesel,Individual,Automatic,First Owner,17.05,1995,184.0,5
746,2015,250000,80000,Diesel,Individual,Manual,Second Owner,19.09,1405,69.01,5
747,2019,675000,10000,Petrol,Individual,Manual,First Owner,21.21,1197,81.8,5
748,2013,200000,120000,Diesel,Individual,Manual,Second Owner,19.09,1405,69.01,5
749,2014,509999,110000,Diesel,Individual,Manual,First Owner,23.4,1248,74.0,5
750,2012,350000,30000,LPG,Individual,Manual,First Owner,19.2,1086,68.05,5
751,2018,850000,90000,Petrol,Individual,Manual,First Owner,17.0,1497,121.36,5
752,2016,400000,35000,Diesel,Individual,Manual,Second Owner,27.28,1047,69.0,5
753,2014,455999,80000,Diesel,Individual,Manual,First Owner,19.01,1461,108.45,5
754,2017,850000,76139,Diesel,Individual,Manual,First Owner,23.0,1498,98.96,5
755,2011,229999,40000,Petrol,Individual,Manual,Second Owner,20.92,998,67.1,5
756,2013,600000,95000,Diesel,Individual,Manual,Second Owner,12.99,2494,100.57,7
757,2012,250000,80000,Diesel,Individual,Manual,Fourth & Above Owner,15.3,2956,83.8,7
758,2017,450000,56290,Diesel,Dealer,Manual,First Owner,24.0,1186,73.97,5
759,2006,145000,170000,Diesel,Individual,Manual,First Owner,13.6,2523,63.0,7
760,2016,300000,15000,Petrol,Individual,Manual,First Owner,23.95,998,67.05,5
761,2018,890000,29000,Petrol,Dealer,Automatic,First Owner,17.4,1197,81.86,5
762,2016,725000,140000,Petrol,Individual,Manual,First Owner,15.4,1497,117.3,7
763,2018,1035000,15000,Diesel,Individual,Manual,First Owner,25.5,1498,98.6,5
764,2015,500000,45000,Petrol,Individual,Manual,First Owner,17.19,1197,81.86,5
765,2011,380000,150000,Diesel,Individual,Manual,Fourth & Above Owner,23.0,1396,90.0,5
766,2010,290000,65000,Petrol,Individual,Manual,First Owner,15.64,1193,64.1,5
767,2014,475000,80000,Diesel,Individual,Manual,Second Owner,22.54,1396,88.73,5
768,2015,625000,90000,Diesel,Individual,Manual,First Owner,26.21,1248,88.5,5
769,2005,130000,140000,Petrol,Individual,Manual,Second Owner,18.9,998,67.1,5
770,2015,900000,50000,Diesel,Individual,Manual,First Owner,19.67,1582,126.2,5
771,2016,2000000,68089,Petrol,Trustmark Dealer,Automatic,First Owner,19.16,2494,157.7,5
772,2016,550000,56494,Petrol,Trustmark Dealer,Manual,First Owner,18.2,1199,88.7,5
773,2008,67000,80000,Diesel,Individual,Manual,Second Owner,17.2,1396,53.5,5
774,2011,70000,80000,Petrol,Individual,Manual,First Owner,26.0,624,35.0,4
775,2006,67500,110000,Diesel,Individual,Manual,Fourth & Above Owner,17.88,1396,52.8,5
776,2018,600000,69779,Petrol,Dealer,Automatic,First Owner,22.0,1197,81.8,5
777,2019,5500000,8500,Diesel,Dealer,Automatic,First Owner,16.78,1995,190.0,5
778,2017,3200000,45000,Diesel,Dealer,Automatic,First Owner,19.33,1999,177.0,5
779,2017,1282000,45000,Diesel,Individual,Manual,First Owner,17.6,2179,153.86,7
780,2013,185000,80000,Petrol,Individual,Manual,Second Owner,22.74,796,47.3,5
781,2012,400000,158500,Diesel,Individual,Manual,Third Owner,19.369999999999997,1248,81.86,5
782,2013,550000,56000,Diesel,Individual,Manual,First Owner,23.4,1248,74.0,5
783,2016,350000,50000,Petrol,Individual,Manual,First Owner,19.44,1198,67.0,7
784,2017,755000,20000,Diesel,Individual,Manual,First Owner,28.4,1248,74.02,5
785,2006,150000,50000,Petrol,Individual,Manual,Third Owner,14.0,1061,64.0,5
786,2015,450000,35000,Petrol,Individual,Manual,Second Owner,20.4,1197,83.11,5
787,2010,125000,120000,Diesel,Individual,Manual,Second Owner,17.0,1405,71.0,5
788,2014,1380000,150000,Diesel,Individual,Manual,First Owner,13.0,2982,168.5,7
789,2009,270000,150000,Diesel,Individual,Manual,Second Owner,13.6,2523,63.0,7
790,2019,1000000,60000,Diesel,Individual,Manual,First Owner,16.36,2179,120.0,7
791,2003,135000,40000,Petrol,Individual,Manual,First Owner,18.9,998,67.1,5
792,2019,700000,6500,Petrol,Individual,Manual,First Owner,20.0,999,72.0,7
793,2011,350000,80000,Petrol,Individual,Manual,Second Owner,16.0,1198,90.0,5
794,2010,250000,60000,Diesel,Individual,Manual,Second Owner,14.0,2498,112.0,7
795,2010,246000,120000,Diesel,Individual,Manual,First Owner,18.8,1248,90.0,5
796,2012,320000,70000,Diesel,Individual,Manual,Second Owner,15.3,2956,83.8,7
797,2011,900000,120000,Diesel,Individual,Manual,First Owner,11.5,2982,171.0,7
798,2014,325000,142500,Diesel,Individual,Manual,First Owner,19.5,1248,75.0,5
799,2014,700000,121000,Diesel,Individual,Manual,Third Owner,12.99,2494,100.6,7
800,2013,190000,70000,Petrol,Individual,Manual,First Owner,21.1,814,55.2,5
801,2015,950000,188000,Diesel,Individual,Manual,First Owner,16.0,2179,140.0,7
802,2010,229999,168000,Diesel,Individual,Manual,First Owner,14.0,2498,112.0,7
803,2008,220000,120000,Petrol,Individual,Automatic,Second Owner,19.2,1197,80.0,5
804,2018,750000,25000,Petrol,Individual,Manual,First Owner,17.0,1198,108.5,5
805,2012,335000,72072,Diesel,Dealer,Manual,First Owner,21.1,1248,73.9,5
806,2016,950000,75000,Diesel,Individual,Automatic,Third Owner,16.0,2179,140.0,7
807,2015,650000,94000,Diesel,Individual,Manual,Second Owner,24.5,1498,98.6,7
808,2019,960000,2600,Diesel,Individual,Manual,First Owner,23.0,1498,98.96,5
809,2009,165000,60000,Petrol,Individual,Manual,First Owner,19.0,998,67.1,5
810,2015,1300000,120000,Diesel,Individual,Manual,First Owner,12.99,2494,100.6,7
811,2019,700000,60000,Diesel,Individual,Manual,First Owner,22.54,1396,88.76,5
812,2002,40000,80000,Petrol,Individual,Manual,Third Owner,16.1,796,37.0,4
813,2011,370000,100000,Diesel,Individual,Manual,Second Owner,20.54,1598,103.6,5
814,2015,670000,60000,Diesel,Individual,Manual,First Owner,25.1,1498,98.6,5
815,2017,745000,35000,Diesel,Individual,Manual,First Owner,28.4,1248,74.02,5
816,2010,360000,120000,Diesel,Individual,Manual,Second Owner,17.8,1248,75.0,5
817,2019,1350000,5400,Diesel,Dealer,Manual,Test Drive Car,22.27,1498,108.6,5
818,2006,90000,100000,Petrol,Individual,Manual,Third Owner,15.3,1341,83.0,5
819,2011,450000,50000,Petrol,Individual,Manual,First Owner,17.0,1497,118.0,5
820,2016,1350000,70000,Diesel,Individual,Manual,First Owner,16.0,2179,140.0,7
821,2014,680000,120000,Diesel,Individual,Manual,First Owner,15.4,2523,75.0,7
822,2018,675000,23300,Petrol,Dealer,Automatic,First Owner,18.5,1197,83.14,5
823,2017,800000,35000,Diesel,Individual,Manual,First Owner,15.96,2523,62.1,7
824,2014,480000,80000,Diesel,Individual,Manual,First Owner,20.45,1461,83.8,5
825,2019,690000,1303,Petrol,Dealer,Manual,First Owner,17.8,1198,86.7,5
826,2012,140000,75000,Diesel,Individual,Manual,First Owner,25.44,936,57.6,5
827,2015,600000,31000,Diesel,Individual,Manual,Second Owner,25.2,1248,74.0,5
828,2011,130000,70000,Petrol,Individual,Manual,Second Owner,14.0,796,35.0,5
829,2019,399000,4000,Petrol,Individual,Manual,First Owner,20.3,1086,68.0,5
830,2002,45000,70000,Petrol,Individual,Manual,Second Owner,16.1,796,37.0,4
831,2010,169000,100000,Petrol,Individual,Manual,Second Owner,15.0,1368,90.0,5
832,2010,140000,70000,Petrol,Individual,Manual,Fourth & Above Owner,20.36,1197,78.9,5
833,2015,270000,22000,Petrol,Individual,Manual,First Owner,22.74,796,47.3,5
834,2012,550000,57728,Petrol,Trustmark Dealer,Automatic,First Owner,14.53,1794,138.1,5
835,2016,650000,30000,Diesel,Individual,Manual,Second Owner,27.3,1498,98.6,5
836,2012,267000,40000,Petrol,Individual,Manual,First Owner,20.36,1197,78.9,5
837,2013,320000,100000,Diesel,Individual,Manual,Third Owner,22.9,1248,74.0,5
838,2013,310000,70000,Petrol,Individual,Manual,First Owner,19.81,1086,68.05,5
839,2004,90000,60000,Petrol,Individual,Manual,First Owner,19.7,796,46.3,5
840,2013,750000,79328,Diesel,Trustmark Dealer,Manual,Second Owner,12.99,2494,100.6,7
841,2016,700000,78000,Diesel,Individual,Manual,First Owner,27.39,1248,74.0,5
842,2017,400000,35000,Petrol,Individual,Manual,First Owner,17.57,1193,88.7,5
843,2010,180000,77000,Petrol,Individual,Manual,First Owner,18.9,998,67.1,5
844,2009,160000,70000,Diesel,Individual,Manual,First Owner,19.09,1396,69.0,5
845,2018,500000,31000,Petrol,Dealer,Manual,First Owner,23.01,999,67.0,5
846,2009,140000,110000,Petrol,Individual,Manual,Second Owner,15.7,1172,67.0,5
847,2010,451999,120000,Diesel,Individual,Manual,First Owner,12.8,2494,102.0,7
848,2013,445000,87185,Diesel,Individual,Manual,Second Owner,22.32,1582,126.3,5
849,2016,1385000,60000,Diesel,Dealer,Manual,Second Owner,13.68,2393,147.8,7
850,2016,340000,40000,Petrol,Individual,Manual,First Owner,20.51,998,67.04,5
851,2013,525000,116000,Diesel,Individual,Manual,Second Owner,23.4,1248,74.0,5
852,2015,885000,170000,Diesel,Individual,Manual,First Owner,15.4,2179,120.0,7
853,2017,475000,40000,Petrol,Individual,Manual,First Owner,20.51,998,67.04,5
854,2015,425000,96500,Diesel,Individual,Manual,First Owner,20.5,1248,91.72,5
855,2003,45000,35000,Petrol,Individual,Manual,Fourth & Above Owner,16.1,796,37.0,4
856,2013,300000,200000,Diesel,Individual,Manual,Second Owner,20.07,1461,75.0,8
857,2018,650000,15000,Petrol,Individual,Manual,First Owner,21.21,1197,81.8,5
858,2011,220000,70000,Petrol,Individual,Manual,First Owner,18.5,1197,80.0,5
859,2010,215000,120600,Petrol,Individual,Manual,Second Owner,18.9,998,67.1,5
860,2013,525000,56429,Diesel,Dealer,Manual,Second Owner,19.01,1461,108.45,5
861,2018,700000,19100,Petrol,Individual,Manual,First Owner,19.0,1194,94.68,5
862,2013,509999,170000,Diesel,Individual,Manual,First Owner,20.45,1461,83.8,5
863,2011,45000,10000,Petrol,Individual,Manual,Third Owner,26.0,624,35.0,4
864,2008,830000,60000,Diesel,Individual,Automatic,Third Owner,11.0,2993,235.0,5
865,2018,3400000,22000,Diesel,Dealer,Automatic,First Owner,18.0,1969,190.0,5
866,2015,360000,30000,Petrol,Individual,Manual,Second Owner,18.9,1197,81.86,5
867,2013,500000,70000,Diesel,Individual,Manual,Third Owner,22.32,1582,126.32,5
868,2015,350000,60000,Diesel,Individual,Manual,First Owner,22.95,1248,74.0,5
869,2012,495000,80000,Diesel,Individual,Manual,Second Owner,19.3,1248,73.9,5
870,2012,335000,135000,Diesel,Individual,Manual,First Owner,21.9,1396,88.76,5
871,2016,600000,25000,Petrol,Individual,Manual,First Owner,17.19,1197,81.86,5
872,2012,476999,90000,Diesel,Individual,Manual,Fourth & Above Owner,21.43,1364,87.2,5
873,2016,700000,30000,Diesel,Individual,Manual,First Owner,18.49,1493,100.0,7
874,2014,320000,50000,Petrol,Individual,Manual,First Owner,23.1,998,67.04,5
875,2019,420000,20000,Petrol,Individual,Manual,Second Owner,20.3,1086,68.0,5
876,2011,360000,157000,Diesel,Individual,Manual,Second Owner,22.32,1582,126.3,5
877,2011,975000,93468,Diesel,Individual,Automatic,Second Owner,11.4,2953,153.86,7
878,2011,400000,140000,Diesel,Individual,Manual,Second Owner,13.5,2179,115.0,5
879,2013,850000,200000,Diesel,Individual,Automatic,First Owner,11.18,2696,184.0,7
880,2018,5500000,50000,Diesel,Individual,Automatic,First Owner,11.2,1969,235.0,5
881,2012,285000,178000,Diesel,Individual,Manual,Second Owner,22.3,1248,74.0,5
882,2010,180000,120000,Petrol,Individual,Manual,First Owner,20.36,1197,78.9,5
883,2015,450000,155000,Diesel,Individual,Automatic,First Owner,14.81,1998,163.7,5
884,2007,185000,90000,Diesel,Individual,Manual,Fourth & Above Owner,16.8,1493,110.0,5
885,2009,270000,80000,Petrol,Individual,Manual,First Owner,16.6,1197,85.0,5
886,2019,650000,3500,Petrol,Individual,Manual,First Owner,18.6,1197,81.86,5
887,2014,2000000,51000,Diesel,Individual,Automatic,First Owner,14.74,2993,270.9,5
888,2015,425000,91500,Diesel,Individual,Manual,Second Owner,24.0,1120,70.0,5
889,2018,285000,22000,Petrol,Individual,Manual,First Owner,24.7,796,47.3,5
890,2015,400000,22500,Petrol,Individual,Manual,First Owner,20.51,998,67.04,5
891,2020,720000,5000,Petrol,Individual,Manual,First Owner,18.6,1197,81.86,5
892,2013,409999,100000,Diesel,Individual,Manual,Third Owner,22.9,1248,74.0,5
893,2005,120000,190000,Petrol,Individual,Automatic,Second Owner,19.369999999999997,1248,81.86,5
894,2015,600000,63000,Diesel,Individual,Manual,First Owner,22.77,1498,98.59,5
895,2016,310000,27500,Petrol,Individual,Manual,First Owner,25.17,799,53.3,5
896,2018,2475000,2000,Diesel,Dealer,Automatic,First Owner,16.8,1984,150.0,5
897,2017,1300000,50000,Diesel,Individual,Manual,Second Owner,15.4,1997,120.0,7
898,2016,500000,40000,Petrol,Individual,Manual,First Owner,18.6,1197,81.83,5
899,2015,950000,80000,Diesel,Individual,Manual,Second Owner,15.4,2179,120.0,7
900,2010,225000,80000,Petrol,Individual,Manual,Second Owner,14.0,1595,102.0,5
901,2012,520000,73000,Diesel,Individual,Manual,First Owner,20.77,1248,88.76,7
902,2014,204999,15000,Petrol,Individual,Manual,Second Owner,22.74,796,47.3,5
903,2011,350000,25000,Petrol,Individual,Manual,Second Owner,16.95,1498,97.7,5
904,2011,376000,60000,Petrol,Individual,Manual,First Owner,18.9,998,67.1,5
905,2016,2100000,85000,Diesel,Individual,Automatic,Second Owner,12.62,2198,158.0,7
906,2016,420000,110000,Diesel,Individual,Manual,Second Owner,18.2,1248,73.74,7
907,2014,310000,160000,Diesel,Individual,Manual,First Owner,14.95,2489,93.7,7
908,2010,165000,20000,Petrol,Individual,Manual,First Owner,19.7,796,46.3,5
909,2012,150000,110000,Diesel,Individual,Manual,First Owner,25.44,936,57.6,5
910,2016,800000,90000,Diesel,Individual,Manual,First Owner,24.3,1248,88.5,5
911,2014,545000,80000,Diesel,Individual,Manual,Second Owner,22.32,1582,126.32,5
912,2014,250000,40000,Petrol,Individual,Manual,Second Owner,22.74,796,47.3,5
913,2010,210000,50000,Petrol,Individual,Manual,Second Owner,18.5,1197,80.0,5
914,2011,850000,298000,Diesel,Individual,Manual,Second Owner,13.1,2499,141.0,7
915,2019,5150000,20000,Petrol,Dealer,Automatic,First Owner,22.37,2487,214.56,5
916,2017,650000,16200,Diesel,Individual,Manual,First Owner,24.3,1248,88.5,5
917,2015,650000,57000,Diesel,Dealer,Manual,First Owner,23.65,1248,88.5,5
918,2017,775000,75000,Diesel,Individual,Manual,First Owner,24.3,1248,88.5,5
919,2015,450000,30000,Petrol,Individual,Manual,First Owner,20.4,1197,81.8,5
920,2011,650000,120000,Diesel,Individual,Manual,Second Owner,12.8,2494,102.0,8
921,2016,2100000,40000,Petrol,Individual,Automatic,First Owner,10.75,2694,163.7,7
922,2018,730000,2388,Petrol,Individual,Manual,First Owner,18.6,1197,81.83,5
923,2017,1200000,25000,Diesel,Individual,Manual,First Owner,19.67,1582,126.2,5
924,2011,300000,100000,Diesel,Individual,Manual,Second Owner,20.54,1598,103.6,5
925,2017,440000,35000,Petrol,Individual,Manual,First Owner,20.51,998,67.04,5
926,2004,100000,40000,Diesel,Individual,Manual,Second Owner,16.8,1405,62.0,5
927,2018,340000,10000,Petrol,Individual,Manual,First Owner,25.17,799,53.3,5
928,2011,270000,89000,Diesel,Individual,Manual,Second Owner,21.1,1248,73.9,5
929,2017,650000,40000,Diesel,Individual,Manual,Second Owner,18.2,1248,73.74,7
930,2017,290000,40000,Diesel,Individual,Manual,First Owner,25.0,1396,69.0,5
931,2018,3200000,35000,Diesel,Individual,Automatic,First Owner,10.91,3198,197.0,7
932,2016,550000,70000,Petrol,Individual,Manual,First Owner,18.9,1197,82.0,5
933,2010,800000,151000,Diesel,Individual,Manual,Second Owner,11.5,2982,171.0,7
934,2017,6000000,37000,Diesel,Dealer,Automatic,First Owner,13.5,2987,254.79,5
935,2011,190000,47000,Petrol,Individual,Manual,First Owner,18.5,1197,85.8,5
936,2019,5500000,8500,Diesel,Dealer,Automatic,First Owner,16.78,1995,190.0,5
937,2018,470000,30000,Petrol,Individual,Automatic,First Owner,23.1,998,67.04,5
938,2012,240000,35000,Petrol,Individual,Manual,First Owner,18.9,998,67.1,5
939,2015,611000,80000,Diesel,Individual,Manual,Second Owner,26.0,1498,98.6,5
940,2017,285000,5000,Petrol,Individual,Manual,First Owner,25.17,799,53.3,5
941,2006,150000,100000,Petrol,Individual,Manual,Second Owner,19.369999999999997,1248,81.86,5
942,2016,375000,120000,Petrol,Individual,Manual,Second Owner,16.2,1199,74.0,5
943,2017,573000,30000,Petrol,Individual,Manual,First Owner,20.4,1197,81.8,5
944,2010,120000,70000,Petrol,Individual,Manual,Second Owner,16.1,796,37.0,4
945,2015,400000,39414,Petrol,Dealer,Manual,First Owner,18.9,1197,81.86,5
946,2014,425000,50000,Diesel,Individual,Manual,Second Owner,21.79,1248,88.73,5
947,2019,350000,15000,Petrol,Individual,Manual,First Owner,23.95,998,67.05,5
948,2013,625000,90000,Diesel,Individual,Manual,Second Owner,20.77,1248,88.76,7
949,2016,2000000,68089,Petrol,Trustmark Dealer,Automatic,First Owner,19.16,2494,157.7,5
950,2016,650000,50000,Diesel,Individual,Automatic,Second Owner,26.59,1248,74.0,5
951,2015,670000,120000,Diesel,Individual,Manual,First Owner,24.2,1498,98.6,7
952,2013,250000,27000,Petrol,Individual,Manual,First Owner,20.92,998,67.1,5
953,2005,45000,55425,Petrol,Individual,Manual,Second Owner,16.1,796,37.0,4
954,2007,160000,120000,Petrol,Individual,Manual,Third Owner,17.7,1497,78.0,5
955,2019,380000,15000,Petrol,Individual,Manual,First Owner,25.17,799,53.3,5
956,2010,130000,50000,Petrol,Individual,Manual,First Owner,18.0,995,62.0,5
957,2016,420000,30000,Petrol,Individual,Manual,Second Owner,18.9,1197,82.0,5
958,2017,1400000,70000,Diesel,Individual,Manual,First Owner,17.6,2179,153.86,7
959,1999,60000,140000,Petrol,Individual,Manual,Third Owner,19.369999999999997,1248,81.86,5
960,2017,860000,31000,Diesel,Dealer,Automatic,First Owner,21.66,1498,103.52,5
961,2018,1000000,70000,Diesel,Individual,Manual,First Owner,25.1,1248,88.5,5
962,2014,196000,60000,Petrol,Individual,Manual,Second Owner,22.74,796,47.3,5
963,2019,950000,15000,Diesel,Individual,Manual,First Owner,22.1,1396,88.7,5
964,2009,380000,150000,Diesel,Individual,Manual,First Owner,13.93,2179,138.0,7
965,2011,210000,35000,Petrol,Individual,Manual,Second Owner,20.92,998,67.1,5
966,2011,450000,110000,Petrol,Individual,Manual,Third Owner,16.8,1497,116.4,5
967,2018,2800000,40000,Diesel,Individual,Automatic,First Owner,16.25,1968,148.0,7
968,2009,130000,70000,Petrol,Individual,Manual,Second Owner,19.7,796,46.3,5
969,2017,484999,35000,Diesel,Individual,Manual,First Owner,20.65,1248,88.7,5
970,2009,190000,90000,Petrol,Individual,Manual,Third Owner,17.5,1298,85.8,5
971,2017,750000,50000,Diesel,Individual,Manual,First Owner,24.52,1248,88.5,7
972,2016,1350000,25000,Diesel,Individual,Manual,First Owner,16.0,2179,140.0,7
973,2013,295000,82246,Petrol,Dealer,Manual,First Owner,20.36,1197,78.9,5
974,2005,310000,200000,Diesel,Individual,Manual,Second Owner,12.8,2494,102.0,8
975,2015,1050000,90000,Diesel,Individual,Manual,First Owner,15.4,2179,120.0,7
976,2017,2950000,50000,Diesel,Individual,Automatic,First Owner,15.04,2755,174.5,7
977,2018,340000,120000,Petrol,Individual,Manual,First Owner,20.3,998,68.05,5
978,2014,600000,90000,Diesel,Individual,Manual,First Owner,23.4,1248,74.0,5
979,2006,200000,60000,Petrol,Individual,Manual,Third Owner,11.9,2354,144.0,5
980,2018,480000,40000,Petrol,Individual,Manual,First Owner,20.14,1197,81.86,5
981,2001,33983,80000,Petrol,Individual,Manual,Second Owner,19.369999999999997,1248,81.86,5
982,2012,415000,108000,Diesel,Individual,Manual,First Owner,19.3,1248,73.9,5
983,2011,380000,80000,Diesel,Individual,Manual,First Owner,13.6,2523,63.0,7
984,2012,300000,70000,Diesel,Individual,Manual,First Owner,23.2,1248,73.94,5
985,2006,158000,140000,Petrol,Individual,Manual,Third Owner,17.7,1497,78.0,5
986,2013,459999,60000,Diesel,Individual,Manual,Second Owner,21.27,1396,88.76,5
987,2013,227999,60000,Diesel,Individual,Manual,Second Owner,25.0,1396,69.01,5
988,2014,240000,50000,Petrol,Individual,Manual,First Owner,22.74,796,47.3,5
989,2008,135000,90000,Petrol,Individual,Manual,Second Owner,18.9,998,67.1,5
990,2007,95000,70000,Petrol,Individual,Manual,Second Owner,19.7,796,46.3,5
991,2012,376000,26000,Petrol,Individual,Manual,First Owner,19.4,1198,86.8,5
992,2006,85000,150000,Petrol,Individual,Manual,Second Owner,19.7,796,46.3,5
993,1999,52000,100000,Petrol,Individual,Manual,First Owner,16.1,796,37.0,4
994,2010,240000,143000,Petrol,Individual,Manual,First Owner,17.5,1298,85.8,5
995,2008,250000,100000,Petrol,Individual,Manual,Second Owner,19.81,1086,68.05,5
996,2017,440000,50000,Petrol,Individual,Manual,Second Owner,18.6,1197,81.83,5
997,2009,340000,40000,Diesel,Individual,Manual,First Owner,23.0,1396,90.0,5
998,2012,350000,25000,Petrol,Individual,Manual,First Owner,20.36,1197,78.9,5
999,2016,700000,110000,Diesel,Individual,Manual,First Owner,26.0,1498,98.6,5
